ucid,name_en,level,retiring,name_zh
odIwFdIiecFwVUAEEV40K3MSuCSlIZkbq92Zp9tkZq8=,Problem solving: quantity relationships (basic),basic,0,【基礎】怎樣解題：數量關係
dfeeBaa8zDhWS6nu7zeXKwLyi4zqEajI3tJM9/fSBPM=,Sum and difference problems 1 (basic),basic,0,【基礎】和差問題 1
C2AT0OBTUn+PRxEVd39enhW/DJtka1Tk90DUAR6yVdA=,Chickens and rabbits problems 1 (basic),basic,0,【基礎】雞兔問題 1
jZvYpEa6VB/WrlKKmQHnfbv/xJ4OypBzq0epVcn500Q=,Age problems 1 (basic),basic,0,【基礎】年齡問題 1
M+UxJPgRIW57a0YS3eik8A9YDj+AwaMpTa5yWYn/kAw=,Catch-up (pursuit) problems (basic),basic,0,【基礎】追趕問題
wUssm1kBiL8949UikpoP4M7jA0qR8JoaLthb513afBA=,Boat and current problems (basic),basic,0,【基礎】流水問題
P7BbN3XtNfmNgFUznGo0EKF0EO8JfiDgw/XJD1h/Crs=,Simplification problems 1 (basic),basic,0,【基礎】簡化問題 1
7Z/KCQJ/Nos87439+IVOvNaz0gOZPSKmri8DEQgNazU=,Simplification problems 2 (basic),basic,0,【基礎】簡化問題 2
lZL4UoNcmffkQ/nM3VYvBC7BAwD1OPmiOb5c3tmIm5s=,Interval (fence-post) problems (basic),basic,0,【基礎】間隔問題
FFX0ABpL61Fw6NB6T5NXjBlQnaknwhJjmbrC3z1AyHA=,Finding patterns in tables 2 (basic),basic,0,【基礎】列表找規則 2
yHgHyIJ05U7s8Ak1XnUHY08MP++zF14JXnyie5AL5s0=,Problem solving: quantity relationships (advanced),advanced,0,【進階】怎樣解題：數量關係
EoxaKgXtsgVLpnw8d6TdnsnnqzM2gEb+mHUwkOsZGpU=,Simplification and induction problems: mixed review,,0,簡化與歸納問題：綜合
CspTRnYx/rdKxnW0RuyjMXwx1vrcR55tQZDzjzV5mRc=,Problem solving: quantity relationships (standard),standard,0,【一般】怎樣解題：數量關係
u5SYmgbMwMzEurXJkN8SzYMacAqwjR02xCA0/prnVeI=,Sum and difference problems 2 (standard),standard,0,【一般】和差問題 2
T4f/arzfSalcvrX0iElU649bu8yFkRYxheJCrrNEkLQ=,Chickens and rabbits problems 2 (standard),standard,0,【一般】雞兔問題 2
kSGW7jiMb919zyekSOS3O3twBsFg+jh/QoZTlNlm2xU=,Age problems 2 (standard),standard,0,【一般】年齡問題 2
AftCWTe9HWCQtI7qOgUITUl2eWnLhe6p09IHSLTFB2o=,Write an equation and solve: x + a = b (basic),basic,0,【基礎】列式並解題：x+a=b
cYgMGBbf7LdGQPgpluIyEfy/nofh1pO0STOjHrLThpc=,Two-step problems with addition and division (basic),basic,0,【基礎】加與除的兩步驟問題
h3/qpdMuhf5rZwqcHX//oZtCPV6xOKgXZyeHSGnWAsA=,Two-step problems with subtraction and division (basic),basic,0,【基礎】減與除的兩步驟問題
qTFR2TIte0fD2b2N9J1h/QspauQCDlkyzaanvg5SsNc=,Two-step problems with repeated multiplication (basic),basic,0,【基礎】連乘的兩步驟問題
i63OzZpTkqfe5ND+D9DAeVXqzKrB/7OasjU2PnkdHfs=,Two-step problems with multiplication and division (basic),basic,0,【基礎】乘除的兩步驟問題
b6cw1Qxc9pcHLkL8JmxW99AJEkZtsztt9ZvSboO7usA=,Two-step calculation rules: mixed review (basic),basic,0,【基礎】兩步驟計算規則綜合習題
tUeUQK4V+TthlYOfXGU45TfMrMvMlcmhUaMf6Sy4WxQ=,Simplifying mixed addition and subtraction (basic),basic,0,【基礎】加減混合計算的簡化
JZfQaPLUEZBed+XMOOWufLndpgukChiiKsqH/d+cxlI=,Order of operations: multiply and divide before adding and subtracting (basic),basic,0,【基礎】四則計算：先乘除後加減
dIoqlJEhZ/uEUpnudTQ+Ve8Uw1oiqSMobNqXb2YQfcs=,Calculations with only addition/subtraction or multiplication/division: with parentheses (basic),basic,0,【基礎】只有加減或乘除的計算：有括號
VkqQZJ473iP+Q3cuRr/ss9TxWBXBIsPwC0fwGbVIgjU=,Repeated multiplication: with parentheses (basic),basic,0,【基礎】連乘計算：含有括號
LCz/rIBPDjV+9tcB8P8On0xwPups1k9t8fcMBsc7rRs=,Repeated division: with parentheses (basic),basic,0,【基礎】連除計算：含有括號
pAUvW4XKSYhg1jlJZSgI+zcE64Vc1ZTK8rqKzNKk0+Q=,Order of operations with parentheses (basic),basic,0,【基礎】有括號的四則計算
PIoM9UkR72BGOOCJwBMgzPXrR5EHZiv8SzfvVFsNlxk=,Simplifying repeated addition (basic),basic,0,【基礎】連加計算的簡化
EedOkesRVDnFwtBDegS+2DXjAMOSPgOvhPbGLmqAjcc=,Calculations with only addition/subtraction or multiplication/division: without parentheses (basic),basic,0,【基礎】只有加減或乘除的計算：無括號
h6xIB8Vz3g7+BOulVtddhzDp6mlqvqglH70sh8SfyOA=,Simplifying repeated multiplication (basic),basic,0,【基礎】連乘計算的簡化
7fbJaPJmoN2eKJr5ET2A4DTPY+IMpCxnc/1KKVl828E=,"Combining two-step problems into one expression: repeated addition, repeated subtraction, mixed review (basic)",basic,0,【基礎】兩步驟問題併式：連加、連減、加減綜合習題
apFEy2v1Cp11xrY8+93ALiMxibD9kdla4EDA1KJdSm0=,Combining repeated addition into one expression (basic),basic,0,【基礎】連加的併式
74uvGh9hBfx+jQdqw9n6TzJCCnr8Q5wDHJqUead5+RU=,Combining repeated subtraction into one expression (basic),basic,0,【基礎】連減的併式
ZfijBfJmW6aiU5BUvf9fG0QF1XKo3pbEYQ8mYC94hT8=,Addition and subtraction expressions: parentheses first (basic),basic,0,【基礎】加減併式：有括號的先算
0oPDO0zy0NDr7kBNesLy+ZbkNuyynak8fcfE05h+pwc=,Addition and subtraction expressions: left to right (basic),basic,0,【基礎】加減併式：由左而右計算
OkgyFAFUhVF5xeu+iDV16+5dlnfzfYQJxXIidJx7dzE=,"Combining two-step problems into one expression: repeated multiplication, repeated division, mixed review (basic)",basic,0,【基礎】兩步驟問題併式：連乘、連除、乘除綜合習題
01c8/1Mc1V3LZtYFNre8TolslWChJSztpFHSNAvPlpI=,Repeated multiplication expressions: with parentheses (basic),basic,0,【基礎】連乘的併式：含有括號
TIFqzAEaJ9dzg/KCrFFPRw7C0KKV+dPmxhnS9zS0w+E=,Two-step word problems with repeated division (basic),basic,0,【基礎】連除的兩步驟應用問題
0f0BGV01H4RbdYLrd/fZN5enqRjIC7Bkzcoqxzgf0YA=,Multiplication and division expressions: without parentheses (basic),basic,0,【基礎】乘除併式：無括號
aMxsQs5rzVMmcHNmhMRVuUQ33IDNVp8fYkEdofpRbQI=,Multiplication and division expressions: with parentheses (basic),basic,0,【基礎】乘除併式：有括號
M4lv3w3T20+Z1YcnIEUe/CKdA/ROAHdY/dmcaJTg0hA=,"Combining two-step problems into one expression: multiplication or division with addition and subtraction, mixed review (basic)",basic,0,【基礎】兩步驟問題併式：乘與加減、除與加減綜合習題
fBA/dR3/vn5rjFVbPKC9asCyTQ2ieY/iBYb1sqWO2oc=,Two-step problems with multiplication and addition/subtraction (basic),basic,0,【基礎】乘與加減的兩步驟問題
LVQFQmyO5bd6aJa8iZwe04tHXH1gEaS9K+H5oxb8raU=,Expressions with multiplication and addition/subtraction: without parentheses (basic),basic,0,【基礎】乘與加減的併式：無括號
Um/VucrWT3ytfnYCAhdIJf58cjByGJkSIPJrsdq3Z18=,Expressions with multiplication and addition/subtraction: with parentheses (basic),basic,0,【基礎】乘與加減的併式：有括號
i0Z53FafHddw11FFfQ85WbBa2vs7zK8iD9q9iYEPjJk=,Two-step problems with division and addition/subtraction (basic),basic,0,【基礎】除與加減的兩步驟問題
voVpsR3NChso9TsHdzn/OkPeLiymYrV3qu8Xe0PUOHg=,Expressions with division and addition/subtraction: without parentheses (basic),basic,0,【基礎】除與加減的併式：無括號
flzEj3Mnu3HFWNtkqEhaKk3L6u5aBJRuGGTTmNC1DR4=,Expressions with division and addition/subtraction: with parentheses (basic),basic,0,【基礎】除與加減的併式：有括號
HbzxHxzxJEcXXmpGxn6HVgsAeH82lubPagM1RpCsh8E=,Four operations with whole numbers: mixed review (basic),basic,0,【基礎】整數的四則運算綜合習題
GKsTLPdjoFT5L8MFLduUaKOBTgtAz0RjoP8E5qYsmF8=,Multiplication and division expressions (basic),basic,0,【基礎】乘除的併式
tKPJ+aL8jZdRX7rLqbXvQRirJzPopGK2mxUlBEHW1aA=,Rules for multiplication and division (basic),basic,0,【基礎】乘除計算規律
z40HWZR+gOnq+/hu58VFytoZlZYp9/VyuyENVRGJ/OU=,Repeated division expressions (basic),basic,0,【基礎】連除的併式
PlMIYvc3fCsZ4pYDuAJK1ADA8SMuWLshZIh1bvsDgaY=,Mixed calculations with the four operations (basic),basic,0,【基礎】四則混合計算
cWGivrZDSwN5LiL2G27HYCmyOuUeAhMIchLIraXiV8Q=,Rules for repeated division (basic),basic,0,【基礎】連除計算規律
375WTBbZdRYv/Jw/rnTv7auOCQAAiNliDREgtraOuH0=,Three-step word problems in one expression (basic),basic,0,【基礎】三步驟併式應用問題
GcHA5YrQ/VZR/FtKlMu8Hmh6+nnO4U8azAFab0hzJQ4=,Introduction to the distributive property (basic),basic,0,【基礎】認識分配律
BjRt9ztH0eQGaMBHEBW3d1dnrKlg/t9cOV//Lvar6Tw=,Calculation practice with the distributive property (basic),basic,0,【基礎】運用分配律的計算練習
6UJI/nUJp0n771O8yxGM05XhkhXAfGhsT0DUpIRFFVQ=,Four operations with fractions and decimals: mixed review (basic),basic,0,【基礎】分數與小數的四則運算綜合習題
XPxKzkvjDB7yK2AQPahFqPB7cnoHs5/dy4T498HoX5M=,"Four operations with fractions: parentheses first, then multiply and divide before adding and subtracting (basic)",basic,0,【基礎】分數的四則運算：括號先算、先乘除後加減
P9MBH2y9lTr+ueuFDr6VDrx3GSS1/MvPLRyklqdSyVM=,Four operations with fractions: distributive property (basic),basic,0,【基礎】分數的四則運算：分配律
KDeSPE8wIGcwIv9i0sJixfdUBqBN8tnZI9NwJHm7n80=,Four operations with fractions: associative property of addition (basic),basic,0,【基礎】分數的四則運算：加法結合律
+lmw480dBLSwkBgaKdL9MeVNsUfCgHmD+L4wzqUFX9M=,Mixed addition and subtraction of fractions: subtracting two numbers in a row (basic),basic,0,【基礎】分數的的加減混合計算：連減兩數
Qfkdu0xMDo7ZKO14VkT7AmpqH0GnAvcprI5Fj+rC1u0=,Mixed addition and subtraction of fractions (basic),basic,0,【基礎】分數的的加減混合計算：加減混合
R6QefDBKjMm/uoG5bP/sWm4HxgqX8fZQ9wriQsEbLhU=,Mixed multiplication and division of fractions (basic),basic,0,【基礎】分數的的乘除混合計算：乘除混合
Fs7rh4BWTNyGyHmP1FDo2C0JQzPnyByghyUsARf8uvE=,Subtracting two numbers in a row equals subtracting their sum (basic),basic,0,【基礎】連減兩數等於減兩數的和
jyV3TtfAbZjDOzo8nkyM/0J0ZhwbB6Q2w53P4VyYpRw=,Dividing by two numbers in a row equals dividing by their product (basic),basic,0,【基礎】連除兩數等於除以兩數的積
abZeR/hnIssN0A8N+KhGYvmhrlPuBAPZSPOCXwLIQd0=,Four operations with decimals: distributive property (basic),basic,0,【基礎】小數的四則運算：分配律
0SEOeLpKd2K4V+T1BhZENWUuLHGTd+x+SQiXWcPAFZc=,Mixed four operations with decimals (basic),basic,0,【基礎】小數四則混合運算
Y8wMuwT4XAOV0oJ6FnQLaEEOIi5GxbVxfLaXLdbchfg=,One-step calculations with fractions and decimals (basic),basic,0,【基礎】分數和小數單步驟計算
HWsQi2gh2imZ+B7lfffCgOj8uzOy5kWwOYfTHpW0BI0=,Simplifying mixed fraction and decimal calculations: converting decimals to fractions (basic),basic,0,【基礎】分數與小數混合的簡化計算：小數化成分數
wWxHJ8aDeAVSEp62k6aRXGwVOAzzQz+w7iBA9wZium4=,Word problems with four operations on fractions and decimals (basic),basic,0,【基礎】分數與小數的四則運算應用題
OFviqNusL3qUCiAp+zDob+G8I7rsTkSPGFNa+xzA8sE=,Two-step problems with decimals (basic),basic,0,【基礎】小數的兩步驟問題
e306CwdsI1GgMiiFdPRKSbcLGcEFSciChFTFXHPyGrk=,Equations (basic),basic,0,【基礎】等式
yC2VB5lJ5y/sgxAF1VTGmJEeWwn9WiP2T6dEfU6m9jg=,Equality properties for addition and subtraction: whole numbers (basic),basic,0,【基礎】加減的等量公理：整數
5j1q7lkHFW8HJEpfUarDBzEppNaa42zrbrz1xDFw+Ck=,Equality properties for multiplication and division: whole numbers (basic),basic,0,【基礎】乘除的等量公理：整數
COZ39Wo+uIUO2s7c2VGEHjJf6Vx0xifxVAiaeHtaTdk=,Using symbols to represent numbers (basic),basic,0,【基礎】用符號代表數
wkd96LaG/2zfF/UXCPKhMm/u+QWPguay/di04trhNlc=,Two-step calculation rules: mixed review (advanced),advanced,0,【進階】兩步驟計算規則綜合習題
RtjkuNmuzBI2VhWYRk43wMkzhzIQD6YstXG1ZsypAZU=,"Combining two-step problems into one expression: repeated multiplication, repeated division, mixed review (advanced)",advanced,0,【進階】兩步驟問題併式：連乘、連除、乘除綜合習題
Sb3aon2FSNNX4wgPRFi3hwJKcQgo8dM+4M26k2TF4wY=,"Combining two-step problems into one expression: multiplication or division with addition and subtraction, mixed review (advanced)",advanced,0,【進階】兩步驟問題併式：乘與加減、除與加減綜合習題
bdWR70qmnAJIvbK4o/p60bDY5QbnX2vaRkVdg1s1DZk=,Four operations with whole numbers: mixed review (advanced),advanced,0,【進階】整數的四則運算綜合習題
Gs2eHMkqvr4Vmv27og7SW0dttNc2vGI+ECb6wDhNGBI=,Four operations with fractions and decimals: mixed review (advanced),advanced,0,【進階】分數與小數的四則運算綜合習題
Rcsy5m8O7pQ3np5tv3eeCgGc7Vn9vqmoMEYbz1pB8pw=,Two-step problems with addition and multiplication,,0,加與乘的兩步驟問題
Yp1BxxjeCigA5sXXXV9seEAdOYA8MchGwafHWyUm7qQ=,Two-step problems with subtraction and multiplication,,0,減與乘的兩步驟問題
b9R/xne951+T/j1JI1MBUYj5GedaqnaVkFFXo7wZ+qo=,"Two-step word problems: addition/subtraction with division, mixed review (standard)",standard,0,【一般】兩步驟應用問題：加減與除綜合習題
vj2oAek5lK+ewqbR0hgGrkyAZpWXIxl9Qt3HpVZVBK8=,"Two-step word problems: repeated multiplication, multiplication and division, repeated division, mixed review (standard)",standard,0,【一般】兩步驟應用問題-連乘、乘除與連除綜合習題
l2/vcuhsUZHwmURWCt7xK+5y11xqlvCniAXvZvbs7sM=,Two-step problems with repeated division (standard),standard,0,【一般】連除的兩步驟問題
fvFMso7Q63rng+f8fs9HliWNJ06dvmCvI89pP3g8AZI=,Two-step calculation rules: mixed review (standard),standard,0,【一般】兩步驟計算規則綜合習題
gr4NKrj+oJ0DWsF5eptZqQQ7ksEfY5k4NLv8FQdDDk4=,Simplifying repeated subtraction (standard),standard,0,【一般】連減計算的簡化
z63YRJBWfFRlEmNRbbP4dElBqjDwsHUJ4X+mLaRj+pU=,"Combining two-step problems into one expression: repeated addition, repeated subtraction, mixed review (standard)",standard,0,【一般】兩步驟問題併式：連加、連減、加減綜合習題
OowZ5vdDfwOEL1LD/3yxHdHmT5fHqZUl1obUtKekJlU=,"Combining two-step problems into one expression: repeated multiplication, repeated division, mixed review (standard)",standard,0,【一般】兩步驟問題併式：連乘、連除、乘除綜合習題
OD4zys90IZxFbg56o3znJLB7qoczUi+8mFZdpUbiTSI=,Repeated division expressions: with parentheses (standard),standard,0,【一般】連除的併式：含有括號
gOX2LgERQWRqT9yOkaWwpJsbIezSaFgRg27NSNXzrjs=,"Combining two-step problems into one expression: multiplication or division with addition and subtraction, mixed review (standard)",standard,0,【一般】兩步驟問題併式：乘與加減、除與加減綜合習題
d7EhDMIrDeTrwHOcqUhYpiwc4yQMwmZ/8RjcPpojXzc=,Four operations with whole numbers: mixed review (standard),standard,0,【一般】整數的四則運算綜合習題
eem9dUXJyUw0k1eqjFlnFp52CjkEsGsRMN5hIg7AxIg=,Simplifying calculations (standard),standard,0,【一般】簡化計算
SSDMxAE5L1x25IfMEbpXrmr8mQIqZzu40Nb6QyxBDKw=,Three-step word problems in one expression: with parentheses (standard),standard,0,【一般】三步驟併式應用問題：有括號
pQ/2AQfwKgwmw2M2LVFo2N6j9s48R5T0saCeTKoyYm4=,Four operations with fractions and decimals: mixed review (standard),standard,0,【一般】分數與小數的四則運算綜合習題
wZCkmlfJ0G2xyiucQ85Ms+DMGXRSg8yhQ+MiwtSHS30=,Mixed multiplication and division of fractions: don't evaluate the parentheses first (standard),standard,0,【一般】分數的的乘除混合計算：括號先不要算完
ZGnaehUOvrRIwrXHqEnz72BTVo/xzUr85yaqAjY5FN0=,Equality properties for addition and subtraction: fractions and decimals (standard),standard,0,【一般】加減的等量公理：分、小數
TdvU/GNCYUygMo4pGEGXRSCZb9aI1CNNc3QR3WHsRuU=,Equality properties for multiplication and division: fractions and decimals (standard),standard,0,【一般】乘除的等量公理：分、小數
fJV+/6UaR4fnZLzM81X+1r4Ma1REep5Q0Rj30zM6z+Y=,Using equality properties to solve for unknowns in mixed expressions (standard),standard,0,【一般】運用等量公理求四則混合運算式中未知數的解
Ii1pVHrc3A/M6pPt8oHbceXvm/CskxJAkGhFtt4isDg=,Circles (basic),basic,0,【基礎】圓形
O5REHVmAHn7gqbV004+NYosaXTrsEuiqcIORcWSdXXY=,Position of a point relative to a circle (basic),basic,0,【基礎】點與圓的位置關係
4BVALn5irV1247RL43vCYHrGwGO+WyV5JNasXCe3N8Y=,Position of a line relative to a circle (basic),basic,0,【基礎】直線與圓的位置關係
f7095rj+E71WXpZHXMkEExF0RcHXLX3GBHaoIK6/1GM=,Properties of tangents to a circle (basic),basic,0,【基礎】圓的切線性質
nBwPY4ITPn4irJXI7w5Vv522X8MdSZdwqehjg03kgBE=,Quadrilaterals circumscribed about a circle (basic),basic,0,【基礎】圓外切四邊形
E3B9SjT8bMG3v5nbUC0ygPR3x4i/oVjGtA/5V/f05rg=,Applications of the distance from the center to a chord (basic),basic,0,【基礎】弦心距的應用
ODEv/zQe85ashn/pvTconu7UT/KCBkxkZokBH6H8OxI=,Relative positions of two circles (basic),basic,0,【基礎】兩圓的位置關係
UqfpH7HCLC3Ct5Qj8lQ5MA9fzVPZBoROdRbVJpqQRs8=,Common tangents of two circles (basic),basic,0,【基礎】兩圓的公切線
SJTFghEQOed1hZMCrR3hHBJLS2VNyHCmi8/CHDDmy44=,Length of common tangent segments of two circles (basic),basic,0,【基礎】兩圓的公切線段長
zHqZC5BMQzmA8ZbWd776nwinT6LWg2mxiT0WiW/5YZE=,"Chords, arcs and central angles (basic)",basic,0,【基礎】弦、弧與圓心角
DRTrxTZ3EjiwnJUUqIsOLCqDQihuHkqux4RSUOkk2sA=,Inscribed angles and their intercepted arcs (basic),basic,0,【基礎】圓周角與其所對的弧
NbBubQKT4fanKTDFR8SmEerTmNXGgdkwtP8ovb9/AHg=,Semicircles and parallel chords (basic),basic,0,【基礎】半圓、平行弦
zHDjrBKb5lNSncPDp2hPXdb1zXdHj1Y/iQvzW7DTaIQ=,Tangent-chord angles (basic),basic,0,【基礎】弦切角
5zb/E6kSp+5Gs/Qc8wv83Dy5jLIhJ0UabdQmsqOQsXs=,Angles inside a circle (basic),basic,0,【基礎】圓內角
GqjrKOz5f3VIEoX3SIXFX4c0u+ZQf78K7jEausPq1zY=,Angles outside a circle (basic),basic,0,【基礎】圓外角
YVNOK+AhFjUEHxCvwUmqSSiYmGqD98ZGZrp5l+7UAFg=,Quadrilaterals inscribed in a circle (basic),basic,0,【基礎】圓內接四邊形
Vj19/FOJ9nuzsw/E4T14ddKY6iiZGnG+3fxiJSvbiD4=,Power of a point (basic),basic,0,【基礎】圓冪性質
9lNlcOPdqsxv4gFKj/l373+cK9Dfus5eNNsvjHY1yos=,Power of a point inside a circle (basic),basic,0,【基礎】內冪性質
yf0UgImLKDdaX3kKo0G5iCMShvG7/CRgxqj0RC42kN0=,Circles (advanced),advanced,0,【進階】圓形
jE1Pn6eb/odIa2Xtuki0YOh7gk0BCjq9q2oE+AJb1QQ=,Applications of central angles (advanced),advanced,0,【進階】圓心角的應用
ABO0BTpEYfMxm7ab5QAZhbOUJGui6N8h7ohJBPwlkDA=,Applications of inscribed angles (advanced),advanced,0,【進階】圓周角的應用
mrG4s2qdh44vRQsx7/T2OnjSJj8UzM23ODdwSHYMNFQ=,Applications of angles inside a circle (advanced),advanced,0,【進階】圓內角的應用
AWydRuHu2+cX0wAcWh9RcQJnBs4mFdeObcCzF1yM17A=,Applications of angles outside a circle (advanced),advanced,0,【進階】圓外角的應用
R5pBjwxHhlwD8Iv1qdtR9VtjKwfWBVuh5P0UM3eQg7Y=,Applications of geometric properties of circles (advanced),advanced,0,【進階】圓的幾何性質應用
nLHQ1qJlj3kW0aZ1DY+O6yD5N474TKSw+L1lDDMnnOA=,Relationship between a point and a circle,,0,點與圓的關係
VoHrX2UnJ3IU2DdxSNj+Bbm9zCM0xLPSoYevLWFeGD8=,Properties of tangents to a circle,,0,圓的切線性質
Ym0eyAFdpBdYOyWEgTUn+a/muxXKbk5ahnGiGgmJ4BE=,Applications of tangents to a circle,,0,圓的切線應用
2Q4i17ObOkd2Yb449DHA1IBEBnZ/7EImF3FYztgI+dk=,Applications of the relative positions of two circles,,0,兩圓的位置關係應用
g+QrAwIOrKpsjGfixPcsV8mYJ11PnKrFOt+JL386CZk=,Applications of common tangents,,0,公切線應用
KRStnam9HyVFJNcPipeCdLCojuvcpEJluG+TnIQa/Qo=,Applications of the distance from the center to a chord,,0,弦心距的應用
xVyrQ6TU4c+yEZR+Fly4rGn3mt9kpDpIAqmrnlVqOsA=,Circles (standard),standard,0,【一般】圓形
pCMaU32mbXzBUo97xzQ8N2IV9uQoBgqqdfOz6dcl9RM=,Introduction to points and lines (basic),basic,0,【基礎】認識點與線
bhl5niycEORGZd9uw9vrbmuxJKvPUJT7TabweC0W77M=,Introduction to angles (basic),basic,0,【基礎】認識角
+DlgHAr1GtoQgtGqwoen6pt4/ayVRO+rMaCVZ7jGCHE=,"Complementary, supplementary and vertical angles (basic)",basic,0,【基礎】餘角與補角、對頂角
WkiJbEtcQ/6K9mzb+6b/b9MvUag94v5b3NTx6TRIcn8=,Classifying triangles (basic),basic,0,【基礎】三角形的分類
8xpaZEEZJ6206ep4as56VEyc5msrupMEjwLCnFKp7LQ=,Classifying quadrilaterals (basic),basic,0,【基礎】四邊形的分類
eIXu+dbL2Ej0/ZO+/PYSUzo1dTaTEqy1S2TGCSUlLAA=,Introduction to polygons (basic),basic,0,【基礎】認識多邊形
/OENQOL30zwAXAy3IN1FbzZFfjfOLaynYaW3w6bk2gw=,"Introduction to circles, sectors and segments (basic)",basic,0,【基礎】認識圓、扇形、弓形
3Eu8lfUzzxW5b7/tSAH3gjzZMSa5Zu0vZJEc8avjHqQ=,Perimeter and area of sectors (basic),basic,0,【基礎】扇形的周長與面積
KnnV92Q4yuuCVckJy9mwIY9AjLwwiUnTPus2pCC1FYo=,Perpendiculars and bisectors (basic),basic,0,【基礎】垂直與平分
oVxTuTeb3r2r9kzjJBtC875rvwJ9k4YjqpmptbNVwaI=,Line-symmetric figures (basic),basic,0,【基礎】線對稱圖形
mE6rCLdazwHjJQ+97f8SLUFEAFoZSGD+UnwBvtxU/iQ=,Finding the axis of symmetry of line-symmetric figures (basic),basic,0,【基礎】判斷線對稱圖形的對稱軸
wzK9LGOjC7Om6cUDilMUGE3wYXuPD6EX+6TS832183c=,Side lengths of right triangles (basic),basic,0,【基礎】直角三角形的邊長關係
qL32qjAo+JiSXztqNQlcTqRuI0e7ki0ohCVe1gkp4h8=,"Side lengths of right, isosceles and equilateral triangles (basic)",basic,0,【基礎】直角三角形、等腰三角形與正三角形的邊長關係
aaqqTl3AwAAh2Zu0fBTrKYA+Jgnh5Xcn3VznWez5WJU=,Compass-and-straightedge constructions: line segments (basic),basic,0,【基礎】尺規作圖：線段
AFUszjsf6svmUlda54hgkgrK1VBaoOplWgUuvdf6qHU=,Compass-and-straightedge constructions: angles (basic),basic,0,【基礎】尺規作圖：角
Ro29/9OFIon5Y4nq4ptN7g7LWevKCWual3GGUaKeYYw=,Compass-and-straightedge constructions: perpendiculars and angle bisectors (basic),basic,0,【基礎】尺規作圖：垂線與分角線
QkM4hin94znSQ6Dj6MkPpYBAjcEKA0u+2HbJyCWol3I=,Area of composite figures (standard),standard,0,【一般】複合圖形的面積
/ejwQaTpw8saI8XVEo0mo08Yf2ko9KW5lwBJRlO8/dM=,Applications of special triangles (standard),standard,0,【一般】特殊三角形應用
Q6oyQv4evP1EzfiPfaiyLQUS1mHQgoz+d7J7zk+zxbs=,Compass-and-straightedge constructions: concepts and applications (standard),standard,0,【一般】尺規作圖的概念與應用
qdz1OAuC9qg0p/4BrA4V1fBXexshZHZxt32IjY+UduM=,Introduction to transversals and the angles they form (basic),basic,0,【基礎】認識截線與截角
DmF26Iww/ia0ys9by6NpVRp+OxwD5keuuqZ+CbR56FA=,Applying properties of parallel lines cut by a transversal (basic),basic,0,【基礎】應用平行線截線性質
T0aJ7xmDPBaqhhLPpZP5EPK0XfPj9a1vqdKuvOmoHCI=,Parallel lines and geometric figures (basic),basic,0,【基礎】平行線與幾何圖形
gLNrtr7TN1errHKhgFmRSO60rwODerk6A7qT19Ickjk=,Identifying parallelograms (basic),basic,0,【基礎】判別平行四邊形
PlktFXkKNWBnU1+LuxWAGiP34j8SskGL2K20E3qCpSw=,Area problems with parallelograms (basic),basic,0,【基礎】平行四邊形的面積問題
OHomudEcAveCjx9XUsIVoEyEVSJMBK9qnG3ExQydOI0=,Simple parallelogram problems (basic),basic,0,【基礎】簡單平行四邊形問題
fyie57S6DAxJ8etfXPWAJOuVbzuyyPpqcr9iLyfgd9Q=,Kites (basic),basic,0,【基礎】箏形
ApMn4fwBLAonJKKklY9Xx7r36OqGMSFOyTu/K5c9c+o=,Rhombuses (basic),basic,0,【基礎】菱形
LrwnPq9m+L8jrO/2MgLsR7Yno06Qevd9IkZhsoY7DfY=,Rectangles and squares (basic),basic,0,【基礎】矩形與正方形
ttWja925wzclBgMnR8D0fmHiM9PQ1QV3cwXWu51m31U=,Special quadrilaterals (basic),basic,0,【基礎】特殊四邊形
06kRCVdMd4I4CpJxtM7rmBED6keL482Br8ZCE6DU+W4=,Trapezoids (basic),basic,0,【基礎】梯形
IVUvy0QcT07F2gkgugegsSriZOW7G5XrpVSXqY7TWl4=,Complex problems with parallel lines cut by a transversal (standard),standard,0,【一般】複雜平行線截線性質
JBY82dSINZ2oyc72lrBg93wms83Z1GAJh8BWYZ2JMv8=,Parallel lines and geometric figures (standard),standard,0,【一般】平行線與幾何圖形
TH+9EqnFdeRqXgd+9frMdewrp3rP654euGJZm++hRT4=,Identifying parallel lines (standard),standard,0,【一般】判別平行線
CveY41m7f7+cJ9cxZRljF7rMPXhMo990yikQ5KYM0x4=,Complex parallelogram problems (standard),standard,0,【一般】複雜平行四邊形問題
WwGpcpKdAF1kvKHFVZOLDv9609c0Rs+eGWAu1Ub/k9c=,Introduction to three-dimensional objects (basic),basic,0,【基礎】認識三維空間的物體
0va2kBHyhCQAFKdC9DOJnPagiG32mCuQJZuApAXzMw0=,Volume and surface area of cubes and rectangular prisms (basic),basic,0,【基礎】正方體與長方體的體積表面積
BOsRDO+HYK8BWQZeW6NYvjKlmA4tI7BV6Y9tC1RIpQI=,Relationships between lines and planes in space (basic),basic,1,【基礎】空間中的線與面的關係 - 即將下架
tnrz/gdH6WgtHgJSpfzyUGtIqz/0OHL5ogbfxCsXR6Y=,"Vertices, edges and faces of prisms (basic)",basic,1,【基礎】角柱的點、邊、面 - 即將下架
PsNJe5XMT7olF29RVFBkcVUKbBQorktzCVlg3h5/UXI=,Introduction to cylinders and their volume (basic),basic,1,【基礎】認識圓柱與圓柱的體積 - 即將下架
yC0fMjNE4oQ+f9qyqRKdEydTAIscFvSra9wP052SgL4=,Introduction to pyramids (basic),basic,1,【基礎】認識角錐 - 即將下架
ZlHr1zKJsK/9HFeradx6cAyqADDSSyihZ9XHBS1PfyU=,Properties of cones (basic),basic,1,【基礎】圓錐的特性 - 即將下架
4XDfW1dI2Qj2YY+tPotz6VY0VwcPfBzlZtfQa8RH98o=,Composite solids (advanced),advanced,0,【進階】複合形體
ap9wOXDnXVFePVnnpscqo0DFNvaLEzP+JC5FyWOxYI8=,Capacity and water-pouring problems (advanced),advanced,0,【進階】容積與倒水問題
86gD6UU9EwEF1gJZmFYJhq0JhD/6MJggjkNdt9CKiJk=,Distances on the surface of a rectangular prism (standard),standard,0,【一般】長方體表面的距離
tsZO34MHUt335zNWrd05l1ILk9vvcWzIR2hEk6dNYc4=,"Volume, surface area and nets of prisms (standard)",standard,1,【一般】角柱的體積與表面積與展開圖 - 即將下架
yJ153/JFXN9IF2c3a3ySmTwTPNEGZp3YE11EtpxrgVw=,Surface area and nets of cylinders (standard),standard,1,【一般】圓柱的表面積與展開圖 - 即將下架
gCO8NpEiiKGbe1pbysbDipvP7hdI2LxjDVnbMOCvG5c=,Nets and surface area of pyramids (standard),standard,1,【一般】角錐的展開圖與表面積 - 即將下架
hRDwfL0PL5rN6c4l8N3LjeJYcHhYCuoF4aRrclMweXQ=,Nets and surface area of cones (standard),standard,1,【一般】圓錐的展開圖與表面積 - 即將下架
KaJlr5jTCShzkQu8T3MYWsJbqqEXtX+F4w15fmUPlOE=,Interior and exterior angle sums of triangles (basic),basic,0,【基礎】三角形的內角和與外角和
YRgtGEd826lr/TTeqzRiSg74GgvqIjPn4GiFofbYGoA=,Exterior angle theorem for triangles (basic),basic,0,【基礎】三角形的外角定理
bjqNyUe/0l0x5+ie8inJrNliiPty2kvg7F/29KIioKA=,Meaning of congruent triangles (basic),basic,0,【基礎】三角形全等的意義
TXBvUiNlr5jhR8zA+8xXAAvhjwKoxhJgVCFi6g3MkXE=,Using congruence properties to prove triangles congruent (basic),basic,0,【基礎】用全等性質判斷全等
7dWkhERQ653SMIMYe5OWVLn4eVm+680Vd2jEcsd4urY=,Properties of angle bisectors (basic),basic,0,【基礎】角平分線性質
VyJAFv77nIaZWzFAcZrlwtNbqZ9GtG8gXWS/QeH8dBY=,Properties of perpendicular bisectors (basic),basic,0,【基礎】中垂線性質
8WAiCr1NKNHhwGcicB0YFGjsDNAY0RXx5Ox+ypKfw5I=,Side lengths of triangles (triangle inequality) (basic),basic,0,【基礎】三角形邊長關係
jyf7N5ZnreskNIwFO3N9eFFPPK78T8maCsrCNfiOZB8=,Relationships between sides and angles in a triangle (basic),basic,0,【基礎】三角形中的邊角關係
ZiB8YudXZGaYEDJxnFGFKxDYg7p21KMyv2iISc6REEQ=,Interior and exterior angle sums of n-gons (standard),standard,0,【一般】n 邊形的內角和與外角和
IdFjvRDOndqu+VdtEnL+sMG3hOHxxvIoIE6MOCeqn+I=,Interior and exterior angles of regular n-gons (standard),standard,0,【一般】正 n 邊形的內角與外角
odpQo0xwxNj77x4vDVOFe0SsN91+KI8cS8ytWOMB02Q=,Completing the conditions for congruence (standard),standard,0,【一般】補足判斷全等的條件
1vxQPFV4O43WybxMtioe1qA8GIcP/kOWTaysWsNrBRY=,Proving congruence: complex figures and side-angle relationships (standard),standard,0,【一般】用全等性值判斷全等：複雜圖形與邊角關係
OkMUi9/AtQ/YxPVmMj4Jx9WVHcjuXS9/fhcreFEB9Bg=,Hinge theorem (standard),standard,0,【一般】樞紐定理
JpYzPRDw0n+B3QTPjgJAEBPXFwlycyukYkLcooX0mHM=,Properties of isosceles triangles (standard),standard,0,【一般】等腰三角形性質
fpz98Db0LX6xbMc9XXMAqpnq17WoOxhJwylsP0dj24c=,Properties of equilateral triangles (standard),standard,0,【一般】正三角形性質
bm+PA9RRRt5EzYn5/rlVo0Sg77oozAjc+46VbJhE7YU=,Similar figures (basic),basic,0,【基礎】相似形
8gP4KXoWBPXMgFg1cGnXshZYBZU+gowtj0kzfH3LDIo=,Relationship between a triangle's base and its area (basic),basic,0,【基礎】三角形底邊與面積的關係
vb599W2257CQW/TGHxuRb4KR46aEykZxjDVpARmgaBs=,Proportional segments cut by parallel lines 3 (basic),basic,0,【基礎】平行線截比例線段性質 3
PL/9zJXG7zguwqO/MqHkdLaEWAXCT0AIMUNY1gqRrNQ=,Using proportional segments to identify parallel lines (basic),basic,0,【基礎】用比例線段判別平行線
nuGqWNM24fHhFJ8DYewgXdy+p5eVZB+a+wblwZNPbEg=,Midsegment theorem for triangles (basic),basic,0,【基礎】三角形兩邊中點連線性質
OTW/dDCx+GEYDj+DqmvyLkxuab8epUX6tuGXQbN2wls=,Midpoint of a segment in the coordinate plane (basic),basic,0,【基礎】坐標平面上線段的中點坐標
Sscg9vquPUuOL9DKkSbs9NTSxfCV/DYuMnsLRUZs6eA=,Proportional segments cut by parallel lines 1 & 2 (basic),basic,0,【基礎】平行線截比例線段性質 1 & 2
IiMukcYDN2GyT48gY4Z/D+VuYzqu4uN1AkHV+io7qzI=,Scaling figures (basic),basic,0,【基礎】縮放圖形
NQq7QTnOTWDz3NSogiu6NV/2SjYWtPZoUc7Ijv1UI/k=,Similar polygons (basic),basic,0,【基礎】相似多邊形
pgZz2VlENmyB6DeW+lnVjNHeVQZDCenZM2Nc1RllQlI=,Identifying similar triangles (basic),basic,0,【基礎】相似三角形的判別
hc6X3OiDLxt7O0VfZXJN1yzHnMLWAZSp1TefeEUe4WE=,Applications of similar triangle properties (basic),basic,0,【基礎】三角形相似性質的應用
sSl0A9RyQ3LbuoNIUSeLVfCmVa0Zff2L9FNm8PQsrSI=,Applications of similar triangles (basic),basic,0,【基礎】相似三角形之應用
hJYgCgsL44C0NlZ4PZX9Lr7Q8Kn9Nm/Dpy8IrP+4NLg=,Perimeter and area ratios of similar triangles (basic),basic,0,【基礎】相似三角形的周長比與面積比
DK+rYDqFxs5kQDeBg236ch52xxIxBdsYcrn0t52y/O4=,Similar triangles in a right triangle (altitude to the hypotenuse) (basic),basic,0,【基礎】直角三角形母子相似性質
Z5JB3D/LstCk46Bi7qFkVXd18rYRFy7qFCpd5rEMAZw=,Joining the midpoints of the sides (basic),basic,0,【基礎】各邊中點連線
PSHqjHPywyyXi0y2Xgl+jLfJn4P5u6EHMd5/3/hvPlg=,Corresponding segments of two similar triangles (basic),basic,0,【基礎】兩個相似三角形的對應線段關係
qXZEcmfOOXDyc3HYJqoJL7PdSiHNmOpELzPkGSsYCHA=,Similar figures (advanced),advanced,0,【進階】相似形
h8yV7uoM6hu2grzOG5Weh+0M055I9znunaEikiEHXjo=,Enlarging and reducing figures (advanced),advanced,0,【進階】圖形的放大與縮小
s3Y4TUK7PUKpvlrFcFIgHdMC8P2mf2hvD3j7fIdmTvg=,Deciding whether triangles are similar (advanced),advanced,0,【進階】相似三角形的判斷
1/laFoxMaEJLQfaHo92bbuIVjnq33aptQA8IY+0Hu+8=,Finding similar triangles (advanced),advanced,0,【進階】求相似三角形
YpGyZePfYXyA1sM+Syxc0sKhL5GiFcPSv0GpDs5VEoA=,Meaning of similar polygons (advanced),advanced,0,【進階】多邊形相似的意義
4XFuNjD7fAKEKH6jyDqZPZJjoVyNn2hc2m3fVVgE2/8=,Scaling plane figures (advanced),advanced,0,【進階】平面圖形的縮放
H4fOcqGek4BtHazEnZ2doEbvXkWwjby37JYFdtJWbLE=,Similar figures (standard),standard,0,【一般】相似形
RlHAktJl64ZiBd7sf7MkpXdvIKiGtmUYYctdc2AjNSE=,Applications of proportional segments cut by parallel lines (standard),standard,0,【一般】平行線截比例線段性質的應用
KDUfRj93vFrSB/KZ2C5TDu8EQ8QkkkSbtjQjYVletro=,Geometric proofs and triangle centers (basic),basic,0,【基礎】幾何證明與三心
ipXsIHrPnClNy40wiQznLM085tMhWMAbi1z/IrBVUTY=,Introduction to proofs (basic),basic,0,【基礎】認識證明
QLZ1wKDTHboEYAyw3gx/ZFqOkxwu4cMUHZrenzwD9sY=,Algebraic proofs 2 (basic),basic,0,【基礎】代數證明 2
C0OnRDLdTPvcy6KEjcoRFC2/hqKUOxytXBGKJT2hbaA=,Geometric proofs (basic),basic,0,【基礎】幾何證明
sabwQYnBMn/T08INMmZflUXyrrd2ltP6YajeNpwGWSU=,Proofs using auxiliary lines (basic),basic,0,【基礎】利用輔助線來證明
/dgnkSSQs7RfFOI233RPKNKg29VBS0L7s7IBSmtIWqI=,Algebraic proofs 1 (basic),basic,0,【基礎】代數證明 1
xRoZGzdttZPj1kvoQoPFWXD2LfUawhSL5nCz5NXjhn8=,Circumcenter of a triangle (basic),basic,0,【基礎】三角形的外心
VmJb1VGYXyZxQg1h4pXkCw5h+qFQQoC7T9iez9RkbKI=,Angle between the lines joining two vertices to the circumcenter (basic),basic,0,【基礎】三角形兩頂點與外心連線的夾角
XGAA22+obUN8IuJrlW3W+g3lh+u3VHufuQK521z+R0U=,Circumradius of a triangle (basic),basic,0,【基礎】三角形外接圓半徑
lKGYmPAYQXCknHyHodD2wxXC+5G/OxKIiDH3GgLI+cQ=,Incenter of a triangle (basic),basic,0,【基礎】三角形的內心
Fbva86ABOgW15Bp8DdzvBmqz5++wT8+Lwr32PDvWBkk=,Inradius of a triangle (basic),basic,0,【基礎】三角形的內切圓半徑
f50Nnagzc0knPQZr++FGzNdqmAk4E7Gw0ePgQ75hs5U=,Centroid of a triangle (basic),basic,0,【基礎】三角形的重心
NBTrqZQukYoF9YwDkIjYlsqwaqpMVimSFrDmMuOXQRs=,Applications of centroid properties (basic),basic,0,【基礎】三角形重心性質的應用
MOPXEiz/NLBJOOXxlMiH+uc18WdVV6TmghrIbK0e56w=,Centers of special triangles (basic),basic,0,【基礎】特殊三角形的三心關係
LQrGjVlzt2saOM8v9XMeeVj0T00lsFpsdJx95qQza2k=,Circumcenter and incenter of polygons (basic),basic,0,【基礎】多邊形的外心與內心
k+LswM25FPuxm5I13Ggn5uKhScLlWro6/Jb5yYOOkr0=,Geometric proofs and triangle centers (advanced),advanced,0,【進階】幾何證明與三心
+IgBffWedJpxG6Zo/kHbrgIRR4jwwTwa6nV03GLwX5A=,Geometric proofs and triangle centers (standard),standard,0,【一般】幾何證明與三心
DLnrzChizTx453F5jnRlIz32VK1+v4h/rD4QR1q9KL0=,Algebraic proofs 1 (standard),standard,0,【一般】代數證明 1
lzijoqcCBafidRGCkuAcau0Fyc+z+574LY9rAn0Qnng=,Distributive property: monomial times binomial (basic),basic,0,【基礎】分配律：單項乘以雙項
kMuoC+eQQa4BoXGIOrWnpGSbT1PXLpzzyQcXgGIK8Us=,Evaluating with the distributive property (basic),basic,0,【基礎】利用分配律求值
iFMkY4C4t4FONMCI2C5VBOIfCIFNLYTG+TmcgGayb4o=,Evaluating with the square of a sum (basic),basic,0,【基礎】利用和的平方公式求值
dhcYvFxAnTGh2QWGixaFcYaEHbyJU37cmczsNwVKDzk=,Simplifying arithmetic with the square of a sum (basic),basic,0,【基礎】利用和的平方公式簡化數的運算
626yBYLPoc8DKImfxhg1tjUMl+mBpYA7IyBh0uG4zTU=,Evaluating with the square of a difference (basic),basic,0,【基礎】利用差的平方公式求值
qVt6XIA/cWnMm3kFpC0sZTJ8ad+ZMuYKfkyeLB40vB8=,Evaluating with the difference of squares (basic),basic,0,【基礎】利用平方差公式求值
DoDNUFFBBErUlGRh0wKmlOlznf+PtByhRT4bnpALAD8=,Simplifying arithmetic with the difference of squares (basic),basic,0,【基礎】利用平方差公式簡化數的運算
hVo+IVNVaOniJLhdg54xFL60xgc41GXeHG1PKtkgsVQ=,Applications of the square of a difference (basic),basic,0,【基礎】差的平方公式的應用
oPPWA1w9EpOYPS5U8pdx8YhZuOIKVaGZ1BRRHEOr48M=,Mixed applications (basic),basic,0,【基礎】綜合應用
/SsQisa91ErcEufKW7SNb4xZ6DASvJZ4Ml5/0BluyAA=,Introduction to polynomials (basic),basic,0,【基礎】認識多項式
Kb79tl+Nvf6D1h2jOL9TPzcV7Bd0QlIDpHl55dgLBKU=,Ordering polynomials by ascending or descending powers (basic),basic,0,【基礎】多項式的升降冪排列
DnZ+4F0wfZyawol4t+/bAvIm5PTPYUC/NSZakKr8g4I=,Adding polynomials (basic),basic,0,【基礎】多項式的加法
3Y3dv8Z1NFlxuvaLEK3OTOR8tgE75EPsZ93DaYMtApU=,Subtracting polynomials (basic),basic,0,【基礎】多項式的減法
wK18kWTTyXKCMshFfhwqTEKgqTQSBDhz4A8+ucEUoU8=,Applications of adding and subtracting polynomials (basic),basic,0,【基礎】多項式加減運算的應用
1Fy/09VqlDTU2ABClPQcq/zyTpDz9LpnuIS7kowjjEA=,Monomial times monomial (basic),basic,0,【基礎】單項式乘以單項式
r7ofQ4mqaPd26iV4SuiFWV4Jw8cBhNsXgEHGJLxpZOQ=,Monomial times polynomial (basic),basic,0,【基礎】單項式乘以多項式
csvTOQUIhu2MK2FXPlq40vS4Zt3CTRXxG7dBI/MqOck=,Polynomial times polynomial and vertical multiplication (basic),basic,0,【基礎】多項式乘以多項式與直式計算
tpPS7qXY6cPLmRqFIgY5ryhwHp+BGA5rPeRemY/bJ/Q=,Multiplying polynomials with special product formulas (basic),basic,0,【基礎】利用乘法公式做多項式的乘法
0nHTRYRZznXBRGpGHElXm2Gw+zHjWz37H+X3XCvUxQI=,Dividing by a monomial (basic),basic,0,【基礎】除式為單項式
gzgoMDT5Pa6CgqZlMw9xlIcFUgfnwEJrNt4xbeDbolg=,Dividing by a linear polynomial (basic),basic,0,【基礎】除式為一次式
0lDY2d/yzs1IgpdsEVNAptv7CcTNSmBXzskCNgPAJTU=,Dividing by a quadratic polynomial (basic),basic,0,【基礎】除式為二次式
Fn3aEQyqcTZhRlGzh6NLdZFpKY5yVIG9y9aAXfrRW+s=,Comparing coefficients (basic),basic,0,【基礎】比較係數
vY/EjWpZBxxkshbM63KTTP6JSh+NHfmwSBWQi2XN8so=,Polynomial word problems (basic),basic,0,【基礎】多項式的應用問題
9/bbdH6Njs7y/o/QWcJf3YPX0UcgoyiUAexULCLnKbI=,Four operations with polynomials (basic),basic,0,【基礎】多項式的四則運算
Jk92rjScG7+mMuAptzCsrhBXKpDuLQA6KI3ojSVY0LA=,Dividend = divisor × quotient + remainder (basic),basic,0,【基礎】被除式 = 除式 × 商式 + 餘式
uPQFTfURBN++Ua40NC/iECWGB8APSlwjR48SMzkr0cQ=,Calculating with the square of a sum (advanced),advanced,0,【進階】和的平方公式計算
5BnT2c2+EFO9V0kttajPXaqmUNM2vAriGL/lJQdnidM=,Recognizing and simplifying the square of a sum (advanced),advanced,0,【進階】和的平方公式判斷與化簡
Jk155nzVVLSMQ3+fpddzICkIOrVE5MOJx759S/AF/dk=,Calculating with the square of a difference (advanced),advanced,0,【進階】差的平方公式計算
KVamuw/JPWoQiskPUCpFW+TQbKOEJonhNcUCJlTcVV8=,Recognizing and simplifying the square of a difference (advanced),advanced,0,【進階】差的平方公式判斷與化簡
p3jpMnd9RbFnPh9KuKJwVlRfvp6F0p4ETps4sCI9dmA=,Calculating with the difference of squares (advanced),advanced,0,【進階】平方差公式計算
e1sAMu3IIfTozHcol7SwsRlLOnca0S9V3KN3/RFthmE=,Recognizing and simplifying the difference of squares (advanced),advanced,0,【進階】平方差公式判斷與化簡
2tKnUmnucgz4dVzTefKY0jsYdmnTfpuCZoCDvA49L/k=,Polynomial multiplication (advanced),advanced,0,【進階】多項式乘法計算
EQns4v7nyWQ3aZaF1kJ+TZcugJ3hlFkc153alreohMo=,Expanding and simplifying polynomials (advanced),advanced,0,【進階】多項式展開後化簡
VHoFq7xrb39aeNkDFggnyfmKTpBVFGdo7R0jTwhDKng=,Degree of a polynomial (advanced),advanced,0,【進階】多項式次數判斷
n8ucjLV4S1bWVucNLlgs5dy/AR5sQChHBqJVIzBH6MQ=,Finding the quotient and remainder of polynomials (advanced),advanced,0,【進階】多項式商式、餘式計算
znVNbyVOWXo/XrF4bWN0DAWkAGmYu/jwUwO5BReUQxY=,Polynomial division (advanced),advanced,0,【進階】多項式除法運算
DZOzPkrGKGiWZ0ZEIezqQG1SVtsv7aigoWyf1AIB7X0=,Polynomials and related terms (advanced),advanced,0,【進階】多項式及相關名詞
OnOsto+ftuylNECIWNGMBEpa8RoJ39dz4+95nFUtmE4=,Linear equations in one variable (basic),basic,0,【基礎】一元一次方程式
GWrfasljlyqZ+UNT8MRgzzxZcKQFFHyQVMnG7T7Wre8=,Shorthand for algebraic expressions (basic),basic,0,【基礎】代數式的簡記
ad/P0gKMpXTOaZ/ShZQX2Y5m7BBidPE5CT858fakoAo=,Expressing quantity relationships with algebraic expressions (basic),basic,0,【基礎】以代數式表示數量關係
30tNTRnlyLs5r1ni/Lc0PMtHJajnPKrAhD37ZIOoIQQ=,Value of an algebraic expression (basic),basic,0,【基礎】代數式的值
8jkEHU4ZGZRzZmBTkQGDvsyLjZIUExZmATnB5Xh7RnE=,Adding and subtracting linear expressions in one variable (basic),basic,0,【基礎】一元一次式的加減運算
KgVjZvzzM9YeUr6YdniKOUEu5U9A1qHrbdthvkqUg0s=,Multiplying and dividing linear expressions in one variable (basic),basic,0,【基礎】一元一次式的乘除運算
e0+hFijqTJTOfBIL9insE6M7fh8UL201r+EDBi9M2Vw=,Meaning of linear equations and writing them (basic),basic,0,【基礎】一元一次方程式的意義與列式
aaltH7YODgrsZuZYKu16qokv/Z+TofzVxU6Ai/dDhl8=,Solutions of linear equations in one variable (basic),basic,0,【基礎】一元一次方程式的解
OjIombrPy9hCBI5SbBeZHRWfcXoVRZAN8p6p28nQDfQ=,Solving equations with equality properties: addition and subtraction (basic),basic,0,【基礎】用等量公理解方程式：加法、減法
FGPC2guShr0Gk55qXrzvUeeAunh9m5xf7lFMutk2foU=,Solving equations by transposing terms: integer coefficients (basic),basic,0,【基礎】用移項法則解方程式：整數係數
KzqwnxUK+iRBndR+lzXwahSLXmETUnzgdJOrYdF4zxU=,Solving equations by transposing terms: fractional coefficients (basic),basic,0,【基礎】用移項法則解方程式：分數係數
lNrVQ1xnsnsWvtrLukPSOek8Go6yuhzXiDuwKdSMa58=,Solving equations by transposing terms: removing parentheses (basic),basic,0,【基礎】用移項法則解方程式：去括號
vbfF+FocMgYeYyHLA80N4d9gMts+9/pmqj80PmM6wFk=,Solving equations with equality properties: multiplication and division (basic),basic,0,【基礎】用等量公理解方程式：乘法、除法
T2hI5mqqogezvse00UeJHgHc3DDK1vrGyyn7Z6IIpsM=,Multiple (ratio) problems (basic),basic,0,【基礎】倍數問題
9Xac/b9GDl8fIMKKSkRMpyot1KsrqcJ/hE/axKQRwH8=,Everyday spending problems (basic),basic,0,【基礎】生活消費問題
X1afKm2XO2cxQD9qw6cTUXRW2hrgPrfOGaduO3zsrqM=,Quantity problems (basic),basic,0,【基礎】數量問題
QjpkOpuGWH0UnITA2wpaRypYPOTnkGJFcYezuYGtYuM=,Distribution problems (basic),basic,0,【基礎】分配問題
+tX4n52MmDdJGGzRnY7I7jEoynqRl6k1jAnonznfs7Q=,Age problems (basic),basic,0,【基礎】年齡問題
CejMfdLJACR3d5PBzF/nALE8oDLqufdT1ThGCWBAtzs=,Discount problems (basic),basic,0,【基礎】折扣問題
FOZdPAbVSKKgrQXyJeHVAVOYrXr2K5t8OYG1fJ/+Ex0=,Checking whether a solution makes sense (basic),basic,0,【基礎】解的合理性
bd5nps07t0OtRxZxiwM39yi9o6qmxUkuW5g46/PKjeo=,Linear equations in one variable (advanced),advanced,0,【進階】一元一次方程式
KRXigmwLKxDb5f7nG9tNMvk7+Ccz8OTTLR5foLjtOY4=,Linear equations in one variable (standard),standard,0,【一般】一元一次方程式
Gxwblz42IsMsZNyQ/o1AOV2zvb9lGbE/lk8NAHtE3uc=,Value of an algebraic expression (standard),standard,0,【一般】代數式的值
8+Ui8a/IXrjCEk/AeDlbsOtigJFg7t61Q9NwMy8Qzhw=,Distributive property (standard),standard,0,【一般】分配律
cvjFCVBHPMRGgHN646n278rct/tKIPgmtYIu9XsyGe0=,Expressing quantity relationships with algebraic expressions (standard),standard,0,【一般】以代數式表示數量關係
vANSd42hTmOLeN7SdvJlNigKaY6CjHCx2iVDaWBVKgE=,Four operations with linear expressions in one variable (standard),standard,0,【一般】一元一次式的四則運算
t01hjun7X39jNVm5uQ4Zim5uJ7au2kSCDtgaN5TBBR4=,Solutions of quadratic equations in one variable (basic),basic,0,【基礎】一元二次方程式的解
S9X2EjiG3ZyYzP5GckQ0s4bkH4Sz1X3NSre3vniBFw8=,Factoring out a common monomial (basic),basic,0,【基礎】提單項公因式
Ksao1OzuQrrxT6tlJ/URlJ5P6Fi0NsFEL/yG31harfo=,Solving equations by cross-multiplication factoring (basic),basic,0,【基礎】利用十字交乘法解方程式
3d6TySgzpTTKAQOg92jopidAKHKVBDpBnxMb8Sj9qZs=,Solving equations with the difference of squares (basic),basic,0,【基礎】利用平方差解方程式
5kSVSkNPjZ9e2yxsfdxafAY9krIn0DXQ6ltiytN0CPU=,Expanding and then solving (basic),basic,0,【基礎】展開後再求解
x37TFkKPkx7jWPaTY+41UeSFOmMoZB7jw3UiTm8ZMGM=,Solving equations by changing signs (basic),basic,0,【基礎】變換符號解方程式
blcaSZRDQfHg6i4RKYRvO7/D6wVIL6rGsyTJtdOElCg=,Identifying quadratic equations in one variable (basic),basic,0,【基礎】一元二次方程式的判別
OeaYHhfKV2vXQKqvs8/5Yx7sQiFDFEmf2r6cWd3apKE=,"If ab = 0, then a = 0 or b = 0 (basic)",basic,0,【基礎】若 ab=0，則 a=0 或 b=0
t0ecyrPtga+CgNqPsmtLQkYiw6JQE9TK0eIlMebASeU=,Factoring out a common factor ax + b (basic),basic,0,【基礎】提公因式 ax+b
qAxhX2oiVk/7ZL78L/aygBfw+dbSxNbYUQKRY8byEUo=,Solving equations with the square of a sum or difference (basic),basic,0,【基礎】利用和或差的平方解方程式
0scVV//lTsPR9BCw3T2WDN6f9c0ASzANn/bUBJM4+gI=,"Given one solution of an equation, find the other (basic)",basic,0,【基礎】已知方程式一解，求方程式另一解
EeGMnhrm4kMsHkyciCkRHDKmLKUY/jHQd5H7C/vPDNM=,Solving quadratic equations with square roots: solutions without radicals (basic),basic,0,【基礎】利用平方根解一元二次方程式：方程式的解沒有根號
bvkyLDFZEq5/4jgDQtgO6S3rJ/DK7yhcVrja6HVlNh8=,Completing the square 1 (basic),basic,0,【基礎】將式子配成完全平方式 1
XUTQRoPefsFTFUaUGzdJFj7HtMAyenBL2dvo5BZusKI=,Completing the square 2 (basic),basic,0,【基礎】將式子配成完全平方式 2
4+ldnKTcBGARW+MU2EyI+NRoyL2s/Mi8v7Po4+/RR6Y=,Solving quadratic equations by completing the square: leading coefficient 1 (basic),basic,0,【基礎】利用配方法解一元二次方程式：二次項係數為 1
oujB8OrUofV7wuIygS0fGGodg6zwhEMNdNDLD2bzHhY=,Solving quadratic equations by completing the square: leading coefficient not 1 (basic),basic,0,【基礎】利用配方法解一元二次方程式：二次項係數不為 1
LW5fheFKmpxrYPVEAXjEcNUtz9PChr6yjz/enILitwA=,Quadratic formula (basic),basic,0,【基礎】一元二次方程式的公式解
xqUFQGqV26XnOt6wrAeKn6kM6Duc18fKQsh+1YnzaUo=,Discriminant of a quadratic equation (basic),basic,0,【基礎】二次方程式的判別式
GQxT3JGAhbU5cjX/+o/dFINzhYOTlP9i7GeQGgOIfHs=,"Transposing, then solving quadratic equations with square roots: solutions with radicals (basic)",basic,0,【基礎】先移項，再利用平方根解一元二次方程式：方程式的解有根號
oX4x/m50Ln6LFrVAAgXT4aeeS7iOsjP5iG3MDVO35is=,Quadratic equations with a large constant term (basic),basic,0,【基礎】常數項很大的一元二次方程式
R+PA0n0gNtg8uHV6dQ5TLW+3WEt2Bac2ak0mDoaL9f0=,Applications of the discriminant (basic),basic,0,【基礎】判別式的應用
Mp4dXv8p6ukOHl3zEXKwRT/DJ1jn+U/fHT3Km+vjH6g=,Quadratic word problems: geometry (standard),standard,0,【一般】一元二次應用題：幾何類
QMSnwGbK7tYBNz9p869x0lrxHkB6Yd1EQcOqjCuLujU=,Quadratic word problems: quantities (standard),standard,0,【一般】一元二次應用題：數量類
YTAheEdtfsl96LQz5pfT/e2iTo3mXMMzNkjHpOCNHCw=,Linear functions (basic),basic,0,【基礎】線型函數
FR4KFXSJBwuu1LqaZRVJs+gv6d7T8mqibchrQhNvAKc=,Introduction to functions as correspondences (basic),basic,0,【基礎】認識函數的對應關係
CEQr505iIq/1Tu39ojlsHXf7Y+jMalnhWU126UWdgyI=,Evaluating functions (basic),basic,0,【基礎】函數求值
jw8OL6LfnyWsdxIIZhy1YgMUrD3jub8kSMulJZffG6U=,Reading function values from a graph (basic),basic,0,【基礎】從函數圖形認識函數值
K1JDDj+chCE/ZH5wzdraQHI2j52Nzy0JBJmeLOgq3vc=,Graphing linear functions (basic),basic,0,【基礎】線型函數圖形的繪製
5HHrsQn5qiyLxLdipqrxulXA40DVSUGJ5ciQw/cHxHs=,Linear functions (advanced),advanced,0,【進階】線型函數
czwYNtatxXTkGd58zAmjHhwFS0+fjoCGpWJdrG2FPJ0=,Graphs and applications of linear and constant functions (advanced),advanced,0,【進階】一次函數與常數函數的圖形與應用
Eqh3rtLupSh4OZOBfz/QwrSxbdbPLXAGP3luGcRi7Kk=,Applications of linear functions (advanced),advanced,0,【進階】線型函數的應用
XQ+eEPmNGFKHnvblrA6eVyXOZ7z/e2GtSZIcf+MZeBg=,Linear functions (standard),standard,0,【一般】線型函數
aUZfbM1yIpHJBCb6q2Ibl75Ix+02UZ4ihUKYjUtEhkA=,Deciding whether a relation is a function (standard),standard,0,【一般】判斷是否為函數
8k+9SvG1ONpORy6T3RZLB31a0oaYmZCZLbpxKfRT180=,Function rules (standard),standard,0,【一般】函數關係式
MI2RiivkQ8/bMsM+kVBZJpnZHfd2EWxrnY4/dl/VBKA=,Calculating function values (standard),standard,0,【一般】函數值的計算
tDKyHKjiaYS/9r2OSVnPQ7tSPPSNRYT9jWOZCemk7/8=,Concepts of first-degree functions (standard),standard,0,【一般】一次函數的觀念判斷
yNZkf4iG5MD4X39lSv9FyBiCLLRauEz4BYFx+p8XxvQ=,Function rules (standard),standard,0,【一般】函數關係式
3yFVYhjNhMP7tnJJxuCoKfPObXOoeoA5CWP2jeb05pw=,Applications of function values (standard),standard,0,【一般】函數值的應用
voXzLrgpNaTssnERUsWHe8i5qAk+0Mev4EacAigUwIk=,Finding a linear function from its graph (standard),standard,0,【一般】由圖形求線型函數
fE04LEEwnBo+HjQx10Ikc5iW8dGBbjfZuxqEt31yeaA=,Reading the coefficients of a linear function from its graph (standard),standard,0,【一般】線型函數圖形的係數判別
sF5/ooX9Coeoi4ZQqBvtNL1W15RujzkLLPDIHAh3sIA=,Intersections of linear function graphs (standard),standard,0,【一般】線型函數圖形的交點
afFEQbum8M2N2a175IzVSs8+P894DSA/3Y10COWsVeA=,Graphs of functions with restricted domains (standard),standard,0,【一般】有限制條件的函數圖形
UV/JR6UaacYCmtRkgf+fISD6dzm7gIQwTfyFEd5m490=,Word problems with function graphs (standard),standard,0,【一般】函數圖形的應用問題
0hKXPT2iK/182EPLj3c5qePYUT84KU4JI+P/t6nnmBk=,Linear inequalities in one variable (basic),basic,0,【基礎】一元一次不等式
Za+UP8i5RYOzsfA98cUkUzKWLYcmHOg7TpQTWUNg1is=,Common inequality keywords (basic),basic,0,【基礎】認識常見不等式關鍵字
zh/Ht6E99DfEW1ZtC/mgD6MmKmVQEiH09UOhX+Dz3rI=,Writing linear inequalities in one variable (basic),basic,0,【基礎】列出一元一次不等式
tiLwNbKNBTH/JttT2Z5fA/wezgf65zakDT1fSS4Onjo=,Checking solutions of linear inequalities in one variable (basic),basic,0,【基礎】判別一元一次不等式的解
8pMUDp4kBRtzPo1x8x6E3RZvxvLworxgH8lF8X/YHEg=,Graphing solutions of linear inequalities in one variable 1 (basic),basic,0,【基礎】圖示一元一次不等式的解 1
Gac0tsJ6sYFX0zK9L6kkirwp3tvIjB7XfBt/4n74c60=,Solving linear inequalities in one variable 1 (basic),basic,0,【基礎】解一元一次不等式 1
0jLx3N/h3zT921WmSVhS4e0TPADpzOygjsvjtTOolmc=,Linear inequalities in one variable (advanced),advanced,0,【進階】一元一次不等式
SQMgGY6bpDnpHTx2hEwNomSPUK2IpSvmaAXUKpx7+pI=,Linear inequalities in one variable (standard),standard,0,【一般】一元一次不等式
Qo3teiynihSpD4R1XtUH9HqLDtvdWpneGpSfDR1fSto=,Concepts of linear inequalities in one variable (standard),standard,0,【一般】 一元一次不等式的觀念
Y8CHlvc/Mc/Xo2I636Dh6J5Vc+IxbLcCC4Wiuvd67oY=,Checking solutions of inequalities (standard),standard,0,【一般】判斷不等式的解
/acOsfJkQuYuDq5UjkRrojhkbUcIgia4SvjKpo1v0pI=,Solving linear inequalities in one variable (standard),standard,0,【一般】解一元一次不等式
Av3E5D+JWfyHjDr2vSsiW200MsgBmim5sLZc4UBQM/0=,Applications of inequalities (standard),standard,0,【一般】不等式的應用
sZzqvkCEVEK4DRlsw4qO8upL5iffeB996S09fm5pMco=,Graphing solutions of linear inequalities in one variable 2 (standard),standard,0,【一般】圖示一元一次不等式的解 2
jzyFMCUW6ZcfKY1QjrGkroMDhsSaehgk/yAfsIi7Yqs=,Solving linear inequalities in one variable 2 (standard),standard,0,【一般】解一元一次不等式 2
AOPJ6VAg/KKkFJJKSu/lQV/vvzgscheE8m81+R3ZzIQ=,Solving inequalities and graphing their solutions (standard),standard,0,【一般】解不等式及圖示其解
MLd1zG5xQjPdScBoMFYa9Hj+Y3upNMhxFLidC8v2AmM=,Solving compound inequalities and graphing their solutions (standard),standard,0,【一般】解兩個不等號的不等式及圖示其解
EiOn32wcldy/0j20uRGp8a2BWA9tBLVZiul1Z67Shxk=,Finding a range from inequality conditions (standard),standard,0,【一般】已知不等式條件求範圍
lJa8pFWndfotoKPXOGmjPMwYR4olU7viRy2gAKzJb20=,Inequality word problems (standard),standard,0,【一般】不等式的應用問題
fkYHSXvk0VmYunyFLG74H16A4P9WX6Cx2MMKpQcvVNQ=,Identifying quadratic functions (basic),basic,1,【基礎】判別二次函數- 即將下架
lPqS7vvN6keLg+WxwQ7LhK/W2VR9OLpakcefYcleLn4=,Graphs of quadratic functions y = ax^2 (basic),basic,1,【基礎】單項型的二次函數圖形 - 即將下架
bx+6BdRWpHzjw2lzHZq06pywvvL/Q1TL+gEZL5lhy7Y=,Direction and width of the opening of a parabola (basic),basic,0,【基礎】二次函數圖形開口方向及大小
O+qdSyYcmKAzs4PPZikdBQWMw5MMHcW5ROV8s8sFljc=,Graph of y = ax^2 + k (basic),basic,1,【基礎】二次函數 y=ax^2+k 的圖形 - 即將下架
NoSFhTWBKqUGlYjm2smtD46bykxeTrKtsQuV3y6aJQ0=,Graph of y = a(x - h)^2 (basic),basic,1,【基礎】二次函數 y=a(x-h)^2 的圖形 - 即將下架
mbCGZ4XkKUbunQ2A7O9/djzj6vkRQiGHwH6GFZrffFA=,Graphing y = a(x - h)^2 + k (basic),basic,1,【基礎】描繪二次函數 y=a(x-h)^2+k - 即將下架
6/W9+pVrE9AFh807PuW/my0HtmEcry1j37kEec96OoU=,Graphing quadratic functions by completing the square: x^2 coefficient 1 (basic),basic,0,【基礎】用配方法繪製二次函數：x^2 係數為1
d78kpes0fgN20aS/f8XWcwktKDL/e+vtWguyMOrdHbw=,Maximum and minimum of y = a(x - h)^2 + k (basic),basic,1,【基礎】y=a(x-h)^2 +k 型的極值 - 即將下架
iKBGBnqxGTmSoOTXh8qB9HAkv4qV2ARDqyViICmf4+0=,Intercepts of a parabola with the axes (basic),basic,1,【基礎】二次函數圖形與兩軸的交點座標 - 即將下架
C909uiishGWZRTfgsev1IhCjyL0gUD0ph9QKAYE+2DE=,Quadratic functions: numerical problems (basic),basic,1,【基礎】二次函數：數值問題 - 即將下架
eVnUwCnYPCD+UvlFn/2t7HsPe+up0G0F8cznv/+R/a4=,Quadratic functions: maximizing area (basic),basic,1,【基礎】二次函數：面積的極值 - 即將下架
bGhEHzDDpgeN/wftiCCViepN+b6lTXEnxj1/8DxWeZ4=,Quadratic functions: price and sales volume (basic),basic,1,【基礎】二次函數：定價與銷售量 - 即將下架
nDwmEHmpKe7ktc7gphnloA5Qcjt2UFcu89G8HJ/EyoQ=,Applications of quadratic function graphs (standard),standard,1,【一般】二次函數圖形的應用- 即將下架
ZfOvxkOK32fpHT6LuZQ7Iy1BUbJm78JuTpNnvl/t5HE=,Graphing quadratic functions by completing the square: general form (standard),standard,1,【一般】用配方法繪製二次函數：一般式 - 即將下架
9xKPJypj9iNixPJpQ2i/OsHZXTb1JcFP70VkCCOrH38=,Finding a quadratic function from its vertex (standard),standard,0,【一般】給頂點座標反求二次函數
fC9kCqQqWNfROUPdgfDgMz44LI9SzI6Ka00bolSA2/I=,Maximum and minimum of y = ax^2 + bx + c (standard),standard,1,【一般】y=ax^2+bx+c 型的極值 - 即將下架
Pj38dvOZ+H6eylMm22y2HUPJ/2MqKuSTsaOIkGFdExM=,Number of x-intercepts of a parabola (standard),standard,1,【一般】二次函數圖形與 x 軸的交點個數 - 即將下架
RLVg2oNL54gAjL5WK5vK9JDSj1xUds0tDwVqAAfDTxg=,Quadratic functions: projectile motion (standard),standard,1,【一般】二次函數：拋體運動 - 即將下架
YXMFRXPpfMq0dR1ji3gtHLMvc080j2c2AF52HbRm7O4=,Quadratic functions: arch bridge problems (standard),standard,1,【一般】二次函數：拱橋問題 - 即將下架
6TZjFYjr52rgg/ZkgA/7oKDULdwCE70SrbpQaSU+Dhw=,Factors and multiples of polynomials (basic),basic,0,【基礎】因式與倍式
fw1/GoseFhHX1yH+qmBYplRxoAishYQPUm39HhXVIgg=,Factoring (basic),basic,0,【基礎】因式分解
YCBDRftfzwiEL3TgdJIBFRRVKPJU3ZdlRy3jNdXYO3w=,Finding common factors (basic),basic,0,【基礎】找出公因式
EC3mXr36NXo2Y460UNktlpNHH4fmUjKYq/yDyy6NXUw=,Factoring by taking out a common factor (basic),basic,0,【基礎】提公因式做因式分解
6KWUZDbWrp4SZwz1c3Qemu0nKG1Ga6+YmrXtTMuil4M=,Factoring by grouping (basic),basic,0,【基礎】分組提公因式做因式分解
xqsA8iAEMS23iTamqyxrcPqpN9mMeybGKfFYVSTBBXI=,Regrouping to factor out common factors (basic),basic,0,【基礎】重新分組提公因式
s8wFEbIjj7l7GebegKyLlX7a4MHtSXocDaHEJu0soD8=,Factoring with the difference of squares 1 (basic),basic,0,【基礎】利用平方差公式做因式分解 1
Ybd/zfRZPKlB4rPFPmqgjUOxkC9KP7WFThltU3wWFOo=,Factoring with the difference of squares 2 (basic),basic,0,【基礎】利用平方差公式做因式分解 2
QZYEX3iUClUnuqodly/8KADAcMRs+hjzmHD61g1apGg=,Factoring with the square of a sum (basic),basic,0,【基礎】利用和的平方公式因式分解
khOJBYjD96rDUWMEwdvjKMsGVcKds/Lpjh1KbkxeROY=,"Taking out a common factor, then factoring with special products (basic)",basic,0,【基礎】先提公因式再利用乘法公式因式分解
837V238PE+WJU81/8PpBu5ac7OXNU68cfC9XrqOMp2o=,Factoring with special products: mixed (basic),basic,0,【基礎】綜合運用乘法公式因式分解
q+qhddeoPj+932QSq5bGBAzgqT4XtW74phrSiM/jfw8=,Factoring with the square of a difference (basic),basic,0,【基礎】利用差的平方公式因式分解
HiffIWPAC1YJDwu8WRYatMOmxW/ufbs1/6A6HoWj1dU=,Cross-multiplication factoring: positive constant term (basic),basic,0,【基礎】十字交乘法：常數項係數為正
sbRL5aKtZBIUbbb8mbJqn1Zi8nvOprK9WY8NWGHonA0=,Cross-multiplication factoring: negative constant term (basic),basic,0,【基礎】十字交乘法：常數項係數為負
a3dIrvVFRsNUndL0o6tSC2evd4XhhCObHWe0OO0WemU=,Cross-multiplication factoring: leading coefficient not 1 (basic),basic,0,【基礎】十字交乘法：二次項係數不為 1
B1sKmLxXJgGq4v5V6OiiviSQvlRRVdG+VPhw5mtnB2A=,Taking out a common numerical factor before factoring (basic),basic,0,【基礎】先提出係數的公因數再做因式分解
DVBcyBb/39zS15rRE/1kw6f60ixtFIs83UFgKIrKv7c=,Changing signs before cross-multiplication factoring (basic),basic,0,【基礎】變換符號，做十字交乘法
SkN/5zphtv5ctUPsh3QRmLCj0yp23MT9pzr5EDFZe/8=,Using properties of coefficients: odd and even (basic),basic,0,【基礎】利用係數的特性：奇數、偶數
i+WBqYjpHnnT036NunBEGVrujLPLey7WKD8K0OXapNM=,Factoring with squares of sums and differences (advanced),advanced,0,【進階】運用和與差的平方式因式分解
3PSp+aLiSSlNgI+ZmYAMp/CUwJpbtLr21j9xOVFbKho=,Factoring with the difference of squares (advanced),advanced,0,【進階】運用平方差公式因式分解
1e/leswSLZ3mYyWZriPrPDY2EoN3wwCXPbjTUX5aYW8=,Factoring by cross-multiplication (advanced),advanced,0,【進階】利用十字交乘法因式分解
QmVklaXAga6VIQ+lpYkCclWpaUrgeJABVDnm+XFhXB0=,Factoring with square formulas: coefficients with new letters (worked example),worked example,0,【例題】利用平方公式因式分解：係數帶有新文字符號
m6DnlS38gmb+QFf7102iqmQim9m7dKlTfZ7bPLN+Ato=,Cross-multiplication factoring: constant term with many factors (standard),standard,0,【一般】十字交乘法：常數項有多個因數
SPmFV4RvUZLm41Gfgt8kBm8u6VzSl1tNcT5BsAQvMls=,Taking out fractional coefficients (standard),standard,0,【一般】提出分數係數
TNultEGnWJ9JPQ+o/+IyosqUKfeH2pvHu1EqogDrBPw=,The coordinate plane (basic),basic,0,【基礎】平面坐標系
WGpUu6x+7d7oYF2u7prVYC5D1GvAybVW7PvZT6my2Ns=,Systems of linear equations in two variables (basic),basic,0,【基礎】二元一次聯立方程式
v82Gd4uP/xcTasSq+nvw7cWkEDEigud4yXgwp4hOh2I=,Basic concepts of the Cartesian coordinate plane (standard),standard,0,【一般】平面直角坐標的基礎概念
TKDAjftSYyI2PNmAkXdInD39P5BcPNa6a+qx0fxm4RA=,Finding coordinates of points (basic),basic,0,【基礎】找出點坐標
NoskBq4Br1/gsHaS0Pkuhdx67DlKfRiCcj2jMAWpRS8=,Distance from a point to the x- and y-axes (basic),basic,0,【基礎】點坐標到x、y軸的距離
Y/3Ni8Hqpn0fTKF+ZASK6Bpn/wyoF0isUcBEeF5fPiU=,Plotting points from coordinates (basic),basic,0,【基礎】依據點坐標描點
gcjxOprL7KFz1ynxk5l082bo6LLo4evKHqo2m2BFC1M=,Identifying quadrants and axes (basic),basic,0,【基礎】判斷象限與坐標軸
JX8VtWTwbrh5ibmIbFVUWpUPiQ+0rW+HGVOz7RD0W4c=,Identifying quadrants from signs (basic),basic,0,【基礎】依性質符號判斷象限
UJx6vGY4lwuup0V3VTTKZmE76AogRe5ecQHc+Yly1YM=,Solutions of linear equations in two variables as points on a graph (basic),basic,0,【基礎】二元一次方程式的解與圖形上的點
WIVV2NtKYatcEnMpVQbIYkGSMd8Q9Xt74y5a+V5bXs0=,Graphing linear equations in two variables (basic),basic,0,【基礎】畫出二元一次方程式的圖形
8Y/LLPa4qJ3MkBetE9ZNbGl20pEX6YeQQlmiJUN8LNA=,The coordinate plane (advanced),advanced,0,【進階】平面坐標系
dXvYZmfaKMbF66x3mpE4pJ0jkJN4QiDScmpt91rwZ24=,Systems of linear equations in two variables (advanced),advanced,0,【進階】二元一次聯立方程式
2asf2uduG+FkuOfdP8cHt1SZjfjhNwqotGgnVZXKiuQ=,Coordinate plane concepts (advanced),advanced,0,【進階】坐標平面的概念題
LG7hX6thwID2W3qbOyTOucKWMcrkvanRX6GQDsMfTQs=,The coordinate plane (standard),standard,0,【一般】平面坐標系
KX1s7/Qxk6pH/qGwmxl1hIM9Tasofefi8z7FpkP1IcE=,Systems of linear equations in two variables (standard),standard,0,【一般】二元一次聯立方程式
IEMYaVfcWrRohEaMdaspvChKtdAfFIeDu5dOMwU5tUE=,Distances between points in the coordinate plane (standard),standard,0,【一般】判斷坐標平面點的距離
nqzgl42VGCsfvLZy5eYGwqYuXblo5zIhTfjUMt6Kv7Y=,Moving points in the coordinate plane (standard),standard,0,【一般】坐標平面上點的移動
GPPZXkxbs0qmtzPG952Kt89U6p108D097EKpuuHk2Kw=,Solutions and graphs of linear equations in two variables (standard),standard,0,【一般】二元一次方程式的解與圖形
b1IGwey9JYxxOGjLTGRvkWIsfmIlerNqghEc8OtDB8o=,Translations in the coordinate plane (standard),standard,0,【一般】坐標平面上的平移
tBo6ECyT8IlKAM8UhQHWkqv92PRLcSiwuerfC7vNX+w=,Quadrants a line passes through (standard),standard,0,【一般】判斷直線通過的象限
oNIM1eH6FUaiqw9ZJSkRfnJ3jbGUx8QoWBTNq/mmB5E=,Finding a line through given points (standard),standard,0,【一般】求過已知點的直線
oA2Mmn3NImJPql4w+/mtQhYJopaJDLagBcvQ7o7Ej9s=,Systems with exactly one solution (standard),standard,0,【一般】聯立方程式恰有一組解
Cfvrgm1Xt18sIEZ4kpSnePUQfJFC6uDZ281lZ6A7m+U=,Systems with infinitely many solutions or none (standard),standard,0,【一般】聯立方程式無限多組解、無解
Lvy3d56mLmoLgxzNCF8tmLRCNBaq0S/ZQXkG5viaWX4=,Basic concepts of systems of linear equations in two variables,,0,二元一次聯立方程式的基礎概念
wXoFQMmHnMGZXrHfDmiM9pkDKC69Ma8aLEN5Xn/CVv0=,Writing linear expressions in two variables (basic),basic,0,【基礎】二元一次式的列式
l2qnFsTkIC5rtckJOSRUU9Fa26UjskhobzBBg0ZOQsM=,Evaluating linear expressions in two variables (basic),basic,0,【基礎】二元一次式的求值
rWyTBc21lUbZZOxzXwmYY6yQCzZdvnkrd7TYKnb2mkc=,Simplifying linear expressions in two variables: combining like terms (basic),basic,0,【基礎】二元一次式的化簡：合併同類項
Zo5OH3GyWGn52CiWFk1qCg8zwtyTw2CzekYXwgDtx0Y=,Introduction to linear equations in two variables (basic),basic,0,【基礎】認識二元一次方程式
TxLf722uDU7ltT6N5kFlFl2wr9XwFTbcNCG3r5P1Hkk=,Writing linear equations in two variables (basic),basic,0,【基礎】二元一次方程式的列式
iO9aRlOBQNV0rwx+0/2SRlANvc87xhKd9Yff43mfDzk=,Systems of linear equations in two variables and their solutions (basic),basic,0,【基礎】認識二元一次聯立方程式與其解
O8HMQ+uWFY7AqdCEYgIDBl6+KBNIau8wuCUGPTVSrXA=,Substitution method: y = ax (basic),basic,0,【基礎】代入消去法：y=ax
dL+vpyv8mp2L14ZNIt1k9tpwdFydZoov6EvnXSW4Dt4=,Elimination method: adding or subtracting directly (basic),basic,0,【基礎】加減消去法：兩式直接加減
NUYjCvs6zBkoCO90jnqqPYhJ04GkmopjXV6JhCOLkOw=,"Elimination method: multiplying first, then adding or subtracting (basic)",basic,0,【基礎】加減消去法：需乘除再加減
sd/gIUfo7qpyKxmzyZZwkHqzIqSHblf6c1K/iHrd/FA=,Chickens and rabbits in a cage (basic),basic,0,【基礎】雞兔同籠
toEj9DQe3d6eCqpUhPzaRUzZjuvoB6uu27TxH+ermwU=,Quantity problems (basic),basic,0,【基礎】數量問題
piY6Rtl4scHsQEvP2kKvqjK8pOEnNJuHNijb/bxPCSw=,Writing linear expressions in two variables,,0,二元一次式列式
WR85TYAmgzldheol7nA1RzEqixyhrnrQsG8iD/RhpHU=,Simplifying linear expressions in two variables,,0,化簡二元一次式
TdtpNDJrqro4BdaY6fxtkvlHeS44Vpq/0YsW3JRx79E=,Substituting into linear expressions in two variables,,0,二元一次式代入求值
c0t5AkrKR7NWKeq1VVONr8Y04yJwdRPn/Qil5esGVUQ=,Solving systems by substitution,,0,代入消去法解聯立方程式
3VfCWZFKH42xkwq4yzD7e3080d6sXtw7H8OM4GXFB/4=,Solving systems by elimination,,0,加減消去法解聯立方程式
3C+qN0SBDoX18ZlkWCo9GhwnYOVQZ4S3XcPPwRLkOWU=,Identifying linear equations in two variables and counting solutions,,0,判斷二元一次方程式及幾組解
T+TdpKTtcckj1sM4MAUOU/taROWhuq1ZIiOoJbasmhg=,Solutions of linear equations in two variables,,0,二元一次方程式的解
OYK+8MJAblYDOgh2ohzoG1xT40feTLYvk/fAvdTktkI=,Applications of linear equations in two variables,,0,二元一次方程式的應用
GhFxv7BoAI++BrgjSP6mVEhEsO33gLRvb66hG7WW6iA=,Simplifying linear expressions in two variables: distributive property and nested parentheses (standard),standard,0,【一般】二元一次式的化簡：分配律與多重括號
ofj2YfPcmy8LgkDZmnVRSjxKny4tFQmum9uEfub8URE=,Simplifying linear expressions in two variables: fractions (standard),standard,0,【一般】二元一次式的化簡：分數型
cv9POISG2CRsF6NgWLZALS9+KTAB25ASQhvveqRLYtM=,Solutions of linear equations in two variables (standard),standard,0,【一般】二元一次方程式的解
AinVdT3v40+Xkc6XK1PV8yd3nMSyxfXNylgOVqAUTuc=,Substitution method: y = ax + b (standard),standard,0,【一般】代入消去法：y=ax+b
hORfMtOHyiNudQ4hjk2xrUaL/uU+G9Tn6ElVFNXh3Cc=,Elimination method 1 (standard),standard,0,【一般】加減消去法 1
M57I/0GVGuAMT7/cRvngV0AJF7YUWoBgB2+jdIZbSLo=,Elimination method 2 (standard),standard,0,【一般】加減消去法 2
tiIUNJuhqyg5QFheXTdIr63OSY8kp2q1F7ScUUvTPsk=,Number of solutions of linear equations in two variables (standard),standard,0,【一般】二元一次方程式解的情形
RHcmN3mTXkmYbY1GZpG9Rrtjg8Jahs0zXkFyLBy/ekc=,Distribution problems (standard),standard,0,【一般】分配問題
Z3Dy7GKG+3wjN6aJw7KVQxD+9q+PgN6WynGJfScaDXE=,Average concentration (mixture) problems (standard),standard,0,【一般】平均濃度問題
/ZG3Gxrc7wG0FWxYWExavs4ATbc0nu47cDYJAuQYVvc=,Speed word problems (standard),standard,0,【一般】速度的應用問題
yQCMHCiSG6RrDzqfXFSue4eu3I7cE9ExTdPUJFwwGQk=,Mixed-up purchase problems (standard),standard,0,【一般】買反問題
uPxHwMXd5UwnfZuCmJPEZXMrFc82OGm2MzwjB6CWP54=,Geometry problems (standard),standard,0,【一般】幾何求解問題
n/Gg32Tsd7+amD+EE0JzXjRaDJSjJNN6mu0t7j1Pd4E=,Grouping problems (standard),standard,0,【一般】分組問題
49sbTmIMLfubZ+jwrUcdiWu5DciVkyQyCxSDPZcKAgk=,Checking whether a solution makes sense (standard),standard,0,【一般】解的合理性
9mYZdVIanfb2q60ypmKFtC5A+DcaoFToPY67MkZPrxs=,Reading bar and line graphs: basic,,0,讀長條圖與折線圖：基礎
bL9LCeyWY9s37YHGGaajw9y6AvwkTvCxHwEL9prznXk=,Introduction to pie charts (basic),basic,0,【基礎】認識圓形圖
wIsDMrI/eBE3OPuBThlLMMwauFehCay2ubzznnf0I2I=,Reading bar and line graphs: advanced,,0,讀長條圖與折線圖：進階
WS8jP1BdHW+Hr6HKToZja5W0UH0gsE78z7CxYLHJgcU=,Pie charts (advanced),advanced,0,【進階】圓形圖
WMgUXcGDQCwsVgpqW00m0nL9vzTUYdkN6Cbdtg8M29k=,Reading bar and line graphs: mixed,,0,讀長條圖與折線圖：綜合
NNDeofPcfsq3nkylBjexLeCKrf/SETj91zj7YGiS0FE=,Introduction to bar graphs,,0,認識長條圖
A4uyvCQoQk/eDtSbRh4VQSkKghw1lxAz3hTuikhchB8=,Complex bar graphs,,0,認識複雜的長條圖
ssoD0v75OrrqwAKQZP0ePSDhxD9qGSJwqCyB5pd+O+4=,Introduction to line graphs,,0,認識折線圖
JLq4ipDD2gaVkE/NL1l6a3pfa1VXclx0VegIpE9bj5Q=,Complex line graphs,,0,認識複雜的折線圖
OKTWoAXQB4dzLEFSDU2mSMMKG6VxaLq5vqLpTTVFgeo=,Tables in everyday life: mixed review (basic),basic,0,【基礎】生活中的表格綜合習題
GXHkSyhWAOB0hH/wOko5D5pr0II7SUPrjnejCj98N8k=,One-way tables: price lists and TV schedules (basic),basic,0,【基礎】一維表格：價格表、電視節目表
AqtrGa+Qvhqa4wB01SqXoQf7HJKNBmJRrvl6F9s1ANE=,One-way tables: class sizes and library classifications (basic),basic,0,【基礎】一維表格：各班人數表、圖書分類表
GkU4YRR5l1jeRDOWNQmr37Lv5G6jR8z3dHRsRgLiyts=,Two-way tables: timetables and students per grade (basic),basic,0,【基礎】二維表格：功課表、各年級人數表
mWLymE1Nkn97ABCS6bLlR35/Hk/RnkkXXFmQaVMAFTQ=,Two-way tables: train timetables and fares (basic),basic,0,【基礎】二維表格：火車時刻表、火車票價表
fuM14IacAZTrOR0wL7pjHs3d+dmNJ7EMH4s6iLNNg7A=,"Two-way tables: nutrition labels, recycling statistics and weather forecasts (basic)",basic,0,【基礎】二維表格：食物營養標示、資源回收統計表、天氣預報表
ierVgp9Aw3orfAmQMe77mB+wYdaV6fK6Vy3vmvs6Ods=,Tables in everyday life: mixed review (standard),standard,0,【一般】生活中的表格綜合習題
+cLbiKkV7+VhNPr7OGG3B3kPpZ8er0mvFvqPbM/gm+E=,Distance from a point to a line and between lines,,0,點與線、線與線距離
HniUZmsvDs7UGkQACuak9ZIBo5uVv1BxZT8RHR/uGhY=,Four operations with numbers (basic),basic,0,【基礎】數的四則運算
VY6aXT7f64ny+uy4pszHVNSy3WHyoFPuhwToxBhB3wM=,Factors and multiples (basic),basic,0,【基礎】因數與倍數
q19yLKk/sVMh6RTyMr5ukD1q4LIeGdKKIiUsjpZAQL0=,Factors and multiples (basic),basic,0,【基礎】因數與倍數
XPjtEuV2qgexNe8re/JecZlBLnzABLhXY2kd8BFHlRg=,"Divisibility by 2, 4 and 5 (basic)",basic,0,【基礎】判別 2、4、5 的倍數
OnztoLe/KRAGCzT1fhys2SSvoBd4VIDTcFpP5fMpU68=,"Divisibility by 3, 9 and 11 (basic)",basic,0,【基礎】判別 3、9、11 的倍數
jR9KA6+gQp1chfbQvsqofqZLlOO69LPd3Xq3L4LQ67g=,Prime and composite numbers (basic),basic,0,【基礎】質數與合數
TyoVFxBv3mKmQSTdiIfM1t4wORIIFZNjz4BKyM0ed+c=,Prime factorization and standard form (basic),basic,0,【基礎】質因數分解與標準分解式
8iS7x756R3pFJUI3YiqHZJFPniXzmPnp2z6qzvdCGnA=,Applications of factors (basic),basic,0,【基礎】因數的應用
jyw4UBYsVqQ8IeYXUywTKN8TEZjJgYNuhb6JBTBoidg=,Common factors and greatest common factor (basic),basic,0,【基礎】公因數與最大公因數
+kCFtC8nCf9I2/ee1BGgQRlVBoECQV9G/8z4fL7hzp4=,Coprime numbers (basic),basic,0,【基礎】互質
vlp5gR/PnY3FuaIANmLDZjLT7VR+mhj/8Skk+dfLf0I=,Greatest common factor by short division (basic),basic,0,【基礎】利用短除法求最大公因數
0L/eenAcUQ8YSZ6x22wFpagb2l4TXqOSGgRtSI56kvI=,Greatest common factor from prime factorizations (basic),basic,0,【基礎】利用標準分解式求最大公因數
Uq/TS8KieZduAKrYzEVKNL2Mm4txq9AR3VFY5cZO9rs=,Common multiples and least common multiple (basic),basic,0,【基礎】公倍數與最小公倍數
pcvV6WqrDJpbJUdIXVS/AhhfRlw8NPela28C22qPeX4=,Least common multiple by short division (basic),basic,0,【基礎】利用短除法求最小公倍數
YLh3gboNapAss7XRv0CyfwoP2GZHxHZxeBNoWI2+Pk0=,Least common multiple from prime factorizations (basic),basic,0,【基礎】利用標準分解式求最小公倍數
+N+e7SzcUVowUo7D4udR8rBKRmR1H7yuu5Tleqlhv48=,Simplifying and expanding fractions (basic),basic,0,【基礎】分數的約分與擴分
zxxjH0rOlRk3Fe7P3H8+00eXPXeazjvuIXf2bdEyhJo=,Adding and subtracting fractions with like denominators (basic),basic,0,【基礎】同分母分數的加減
4SA/+F8g7P5zdbzUmu4C70OOtDhWIvjhrlb5KsJctFg=,Adding and subtracting fractions with unlike denominators (basic),basic,0,【基礎】異分母分數的加減
CF13V6t23GjzMMrmb1dKAo7CKiOon8TM72V7olKWEgw=,Adding and subtracting mixed numbers (basic),basic,0,【基礎】帶分數的加減
3ODGnNWJeT6dSEdVq0/4+miAK7egH5D4MD5iRNsyKCY=,Rules for removing parentheses (basic),basic,0,【基礎】去括號規則
jzZTTPgsrcp5fCBd4ZAAgShAZ0EC+8/YuLGSwXDOZQY=,Comparing fractions (basic),basic,0,【基礎】分數的比較大小
CpfGqYa+Lfjjb/78WeisiLh5beRN/oX2Scbv4STrkAQ=,Commutative and associative properties of addition (basic),basic,0,【基礎】加法的交換律與結合律
U6uPrXsMf01kkpbyFTf6NgLBFfypQFIdHmXH8GYZPyw=,Multiplying fractions (basic),basic,0,【基礎】分數的乘法
MefOHEpHMbpSlIglmM0dFv9PLECXPNiRwF5qFmNSncA=,Reciprocals (basic),basic,0,【基礎】倒數
0FaNRnGt8wB5REzt8NnMPYaoTw4/qe+3z2hOkQOvI/s=,Dividing fractions (basic),basic,0,【基礎】分數的除法
3nGnL8DTmGw+c/xyCRcMO0ZPv1fw3aecHbw/ZjJC5KY=,Powers of fractions (basic),basic,0,【基礎】分數的乘方
LcAN7TMK1vKQDUSPxjKDIARJeOwJX98jW9S6vZylVKs=,Exponent rules 2: power of a power and power of a product (basic),basic,0,【基礎】指數律 2：乘方的乘方與兩數相乘的乘方
LIglPayokICs9zOBBba+6/GlGrg6tTHTfZ2ahuKWfNk=,Four operations with exponents and absolute values (basic),basic,0,【基礎】含指數、絕對值的四則運算
qcfEcg7Gqh0+C5nzkKMPSK81u+zNhZqxVHwNdqlD234=,Applications of the distributive property (basic),basic,0,【基礎】分配律的應用
Yg+sVKaVUURclcpez8GQE2MOKwxr958SB3sI6NhKmIE=,Word problems with fractions (basic),basic,0,【基礎】分數運算的應用問題
lzRhsRBch0NUNxYhlfhKKF53dO6Eymsb/GPNZG010+w=,Comparing powers (basic),basic,0,【基礎】乘方的比較大小
OByIaYY/56y05bpjY1K3Dg+OS32Y/fB3yVjKfBqFIIY=,Multiply and divide before adding and subtracting; parentheses first (basic),basic,0,【基礎】先乘除後加減，有括號要先算
h9aHZcm1WZajfq4phXyy9suACFoWvuQXvvI44jbgj10=,Mixed multiplication and division of fractions (basic),basic,0,【基礎】分數的乘除混合運算
8lMQHDTU5EwGBMdGd+c7Ud2X2hPbTj5eNQyD9N+bMKw=,Exponent rules 1: integer bases (basic),basic,0,【基礎】指數律 1：底數為整數
kvCAt3kZ/mwV1jD2HyUqAQX8S4PUPR33jaGc4hW10Mc=,Exponent rules 1: fraction bases (basic),basic,0,【基礎】指數律 1：底數為分數
cYcQzu2bjsSMNeaAw4lWpDUGdH8SsNow/a+k3vVor3E=,Four operations with numbers (advanced),advanced,0,【進階】數的四則運算
gQVxGCahF6+39K3glaRceVrND6A90VnDLSaj2NrTuis=,Factors and multiples (advanced),advanced,0,【進階】因數與倍數
fIGjoMn51hw+f/+MS3QOlQbp677TV1G/gVDzckNAxoo=,Meaning of factors and multiples (advanced),advanced,0,【進階】因數與倍數的意義
+fQqnCkVTMs8GPkdZJWUcApXC/Ea9bVtxNIblqLRie4=,Factors and multiples (advanced),advanced,0,【進階】因數與倍數
endJFI8hIB5+/JKX/XXr4VxWd1uNY3g1YPqPBExHwik=,Divisibility rules (advanced),advanced,0,【進階】倍數判別
oaQZ7IRVxNjjdG2iOLuZGC+k6uqpCbfHg7RHgPlR7gI=,Common multiples and least common multiple (advanced),advanced,0,【進階】公倍數與最小公倍數
HXnIAxmCDEWAJJV2J7f2pEeGvddv9MpcRjbckar9YTY=,Four operations with numbers (standard),standard,0,【一般】數的四則運算
gSZ5U+vksIZG+pfqEZn3wjseV96vuSRacNjODO1cDzg=,Factors and multiples (standard),standard,0,【一般】因數與倍數
7rEAlWAqa1YJ7CQRXAVVv6XcsYdqKiyBAL2Ka5B2Ilc=,Prime factorization and standard form (standard),standard,0,【一般】質因數分解與標準分解式
9jGMq1D6/YUFkliSwkqCwoWcAr1IYE6C0Y/kxGatKSo=,Applications of the greatest common factor (standard),standard,0,【一般】最大公因數的應用
bPD7y6gQ2IeTfXrQunq8OXXx5LY2zIsQ8wfSBApCHTc=,Applications of the least common multiple (standard),standard,0,【一般】最小公倍數的應用
oybx9PFfxCN2VikUvZvMK8xe1nKfkPfqy06vVyZsKOQ=,Adding and subtracting fractions with unlike denominators (standard),standard,0,【一般】異分母分數的加減
o4eu7F3IQOZHR4xqfRGGCivSLHoG7zs88hxWfdfL40o=,Multiplying fractions (standard),standard,0,【一般】分數的乘法
biaxP2zII7NP2ksFgn8KMiJxA30RhydZ7oiHmr4Lh5Y=,Word problems with fractions (standard),standard,0,【一般】分數運算的應用問題
0BL+DbelLoGwTw7JvHBXe7pZr1N/E8JVhngim3zzjJ4=,Square roots (radicals) (basic),basic,0,【基礎】根號
wZ49H8xuqS5c5fox/rUaZgS6R/TVKJkjRnvzEjrSOa0=,Comparing sizes (basic),basic,0,【基礎】比較大小
K+E2pj1HgSC5GexBpChmTuG21HlO2wcCulMly1KSNE4=,Value of √a (basic),basic,0,【基礎】根號a的值
7weJLTdGePcbI6VZb5/eh77sHGzpnDTZXxgPlao6EMY=,Square roots of positive fractions and decimals (basic),basic,0,【基礎】求正分數、正小數的平方根
VN+hlrC3u3EiecxSo+9icATbCs/7B1UlrxrPfAEWf+k=,Approximating by successive tenths (basic),basic,0,【基礎】十分逼近法
n7S5SGJpFgGcbGt//qTyiHxZTrIcQXIl+L/ECKOYAnc=,Approximating √a with a table (basic),basic,0,【基礎】用查表法求根號a的近似值
uO5Sx0OY+EO1m+rKoS0oGmTFX2fe8N8OJhGa+9nP5BE=,Square roots (basic),basic,0,【基礎】平方根
iEdGYWnwFWEsG4gsq/lsZjkmGc8datVNwuwSAAe7H34=,Applications of square roots (basic),basic,0,【基礎】平方根的應用
LABXrcnSSYw9D5Y6UesjShprnzk2yqms4v5kBAod3uI=,Multiplying radicals (basic),basic,0,【基礎】根式的乘法
ip5uBacJ1fPhAi+v1Uymms6Ie5bRJCPNau3ZoyRwiKo=,Identifying simplest radical form (basic),basic,0,【基礎】判斷最簡根式
dAipsKstQKUN4VipBEuqm9rBlREJoKyays23NuZ4B/A=,Simplifying radicals (basic),basic,0,【基礎】化為最簡根式
tPAGQq+YU6D1NO1cU3U4fdlaNEm6YSSlRHK6qq/RQfw=,Dividing radicals: rationalizing the denominator (basic),basic,0,【基礎】根式的除法：有理化分母
q4u/j6i3QRAvoheOBrj6QY/8q1aVDXN5t2VqjgaFXq4=,Dividing radicals (basic),basic,0,【基礎】根式的除法
n0+5yVdX/Q8BcTmvBKZUbUq6T5X8LDLWkAv/FLIuEfg=,Adding and subtracting radicals: combining like radicals (basic),basic,0,【基礎】根式的加減：合併同類方根
jfGwrPbDKlpdxGG+g8gs5jmPWCFHmc2bC6ZxGBvFsSQ=,"Adding and subtracting radicals: simplify first, then combine (basic)",basic,0,【基礎】根式的加減：先化簡再合併
nXCivRFCQRQbeb8yBFJJjoMht7oLbOOKEknNyNG78BQ=,Four operations with radicals: distributive property and special products (basic),basic,0,【基礎】根式的四則運算：利用分配律或乘法公式
X0cKvLgZxul/9WFXcTzJ//4b19Uf+pNMQ2NRT0fs3ws=,Rationalizing denominators with the difference of squares (basic),basic,0,【基礎】利用平方差公式有理化分母
d0epea1fc69jCEDP+o1Ko8TO9UcNtQ4nH4RpOz+toyc=,Finding side lengths of right triangles with the Pythagorean theorem 1 (basic),basic,0,【基礎】利用畢氏定理求直角三角形的邊長 1
PTyaFYWmIg+5PNX4LsFQGDFZlntPfkud08tNGBXnw+Y=,Applications of the Pythagorean theorem 1 (basic),basic,0,【基礎】畢氏定理的應用 1
rBSjOGOOKyFbSw+SyepIiwE7qocz4HhQqfUy1F5HEhM=,Distance formula in the coordinate plane (basic),basic,0,【基礎】直角坐標平面上兩點的距離公式
FYcSOmLQ15uJo7MMKj/zGR2neWU4YI50GUDT/kc9Y2I=,Finding side lengths of right triangles with the Pythagorean theorem 2 (basic),basic,0,【基礎】利用畢氏定理求直角三角形的邊長 2
t9NE+shI32BkAQiBqhqi7Yfxk/GqipntnvKPkuV9fCc=,Altitude to the hypotenuse of a right triangle (basic),basic,0,【基礎】求直角三角形斜邊上的高
FvDZFrVXY2bQd2/8mdGCy8jeH+9OoOsU4qeDzZSptPU=,Distance between two points on a horizontal or vertical line (basic),basic,0,【基礎】求水平線或鉛直線上兩點的距離
mpK6ZQnWafdhjIV2XTI5WAMwImQ0bbZHwxY0A4y+kGc=,Pythagorean theorem and area (standard),standard,0,【一般】畢氏定理與面積
3G6mZ4PSx2p5a6KftzQvLgJ9vr4dhJnTV8SVKGqIg8Q=,Applications of the distance formula (standard),standard,0,【一般】距離公式的應用
yQwYr+IKuFKwlC3oGLHemMwCjRjNIiJUqTzt5A+E4iI=,Composite figures made of several right triangles (standard),standard,0,【一般】多個直角三角形的複合圖形
h+NYyIV/YL/gV0WjaGT5tfnqaubKmWS6ytdWBeSLFjc=,Ratios and proportions (basic),basic,0,【基礎】比與比例
KTHoYjN6XAYd5rCzRQ/xn3o7OozbvxdwUeiVYFSJPGM=,Introduction to ratios and ratio values (basic),basic,0,【基礎】認識比與比值
ZcwX8fZUrnZDOsvBOPux3Oaf1viIG83MNe5frh0jnQw=,Equivalent ratios (basic),basic,0,【基礎】相等的比
tqKbTGIV+RDS6qwn6Tp173RrtMV4LeR0UEBqa9etzIA=,Operations with ratios (basic),basic,0,【基礎】比的運算
2ITXot2a2bPpUbrQr34491M0lzlI7QvvHhgqW0bNZbw=,Solving proportions (basic),basic,0,【基礎】比例式求值
ZDQe2EAf9O/FBmCJpXM2GZK7E3bfQfT6M8rHZ21H5Uc=,Identifying direct proportion (basic),basic,0,【基礎】正比的判斷
+owQ9eTzitOLHF3SZxKwWN9ZpsHjg3tK4A9fpS7E0oo=,Calculating with direct proportion (basic),basic,0,【基礎】正比的計算
NX6O5HSHAPuk5+88sOGUAz1W2bEmTv/p2N9DrrWfZiM=,Identifying inverse proportion (basic),basic,0,【基礎】反比的判斷
4ocFSB0WJ+OdC6URbytP90Mq+4KaJGPg3s0Dq7kysgw=,Calculating with inverse proportion (basic),basic,0,【基礎】反比的計算
3RuMUvN/dcLHZuOG/Y7DJ/bcazpLCu/pXC6iqNqEXog=,Ratios and proportions (advanced),advanced,0,【進階】比與比例
0TFQA8MIRYvgH+PXVXYkRKMPK/LPcaVH9hTxb5daZ+o=,Applications of ratios,,0,比的應用
VdDGn0d64C/s9UWPNmugh8Upm4696fFybvSQxW5ghuU=,Equivalent ratios,,0,相等的比
7bahRo+EXaR1vW7KnSZ4jCacIWZQrJwQEb99sSBqZ0E=,Applications of ratios and ratio values,,0,比與比值的應用
r9uHkHNbfdzRkBW9Gogqi1vmxUXafa57W8BEsdMqCZs=,Proportions,,0,比例式
Y+91ladMQTxor3mEVlnYFcmpwmJFyT1HMG+DNySbVZ4=,Proportion word problems,,0,比例式的應用問題
dEdTB/d9fVuyj1/b7hO9H4lL6XcWJW155+5nwHCyE7w=,Basic concepts of continued ratios,,0,連比的基本觀念
5BND+QhJLGTw2gPNqCs0SjqEQuGL+IN798lUL3RUG3s=,Operations with continued proportions,,0,連比例式的運算
Gjss1lWMScHPWwWZlfDClUNvL+nDFQp9FEarWeurC+Q=,Continued proportion word problems,,0,連比例式的應用題
yHJf0g7o8YLIn0qLcWkybcezKBHdmlj7ih14MWWbzNI=,Direct proportion,,0,正比
/0Y1OFJkQGPagfYO9uI6mM0Z9KK7vcmT/QPVos+v7Ec=,Inverse proportion,,0,反比
ncpSV/Tw2uD3d5TPnUjjXA+mqgn81thyxj8FxznUxZY=,Ratios and proportions (standard),standard,0,【一般】比與比例
TwWIHt3X4PpZYPEyrUAz/c+T7Wq73JD/n+6I2DKtKAw=,Simplest whole-number ratios (standard),standard,0,【一般】最簡整數比
k5VfVp+TcBvjO9/385mNNyTz67w310S9kBWAB4uteVY=,Calculating with proportions (standard),standard,0,【一般】比例式的計算
BUPBhaJgHOYfys/H+7clnnHEW1LZ9koprANEAsxlMpc=,Proportion word problems (standard),standard,0,【一般】比例式的應用題
a9UEy8sIwRzT8QudLWkrjcWrb+ZKuiVhcEiPQih1o38=,Introduction to continued ratios (standard),standard,0,【一般】認識連比
pSJuXwvC2oTnrfqrMjAbRaAk0H97orogNflqY6S8fvg=,Evaluating continued proportions (standard),standard,0,【一般】連比例求值
xk269k5cel7t7lVVPwniYDSV03nxPEP6B43dF03A7gE=,Writing two ratios as a continued ratio (standard),standard,0,【一般】將兩組比例寫成連比
DtvKO1+2Ch/AE2FEfvJk1CyuVHFhFA08kGI64zamVfI=,Operations with continued proportions (standard),standard,0,【一般】連比例式的運算
Q4AS2RKvRVznNTDtYdm7+t6zz+hfmsMaQZxVVRuKN8I=,Finding parts from a continued ratio and a total (standard),standard,0,【一般】給連比、總和求各別值
2rJ6DLjEMKZiRtzTx7yjg+2lbHOfTfLDyNli2mFXTiA=,Telling direct and inverse proportion apart (standard),standard,0,【一般】正比與反比的混合判斷
DNXGwbi0H2VORtI1i1PGiDKE8ZQmugjzZLUNzuWQwE8=,Calculating with direct and inverse proportion (standard),standard,0,【一般】正比與反比的計算
rgBDC18nMxXbJVgqjaW3ZPSdMNCn8V3qFt6nhx2EolI=,Concepts of direct and inverse proportion (standard),standard,0,【一般】正比與反比的概念題
C7iIbMZdPneDzT/rQltVfazJAO3ZwSES2ZirNpKCmeM=,Direct and inverse proportion word problems (standard),standard,0,【一般】正反比的應用題
5XOh9hPgSIw+4ArOqH8SRFzrFrG107tCCpwFQcpZ9T8=,Introduction to ratios and ratio values (standard),standard,0,【一般】認識比與比值
Z3dSEIJzUCdIKWEO4/I7voT/RlkFDuMuU57dI6kGzcs=,Introduction to sequences and terms (basic),basic,0,【基礎】認識數列與數列的項
yyB3Cv5ZNO9vRc2FUExQu3LZs+xZSYKo7W//FZCkg/U=,Patterns in sequences (basic),basic,0,【基礎】數列的規律
7GfQH+xzSUY6otFf1vL+TrUfTP/mPShPsFPOrzb8tZc=,Introduction to arithmetic sequences (basic),basic,0,【基礎】認識等差數列
eLblaDUmtz3c7uZgJ8pgtSnq7nnc+tke1g8HqUw1F5E=,Introduction to series and arithmetic series (basic),basic,0,【基礎】認識級數與等差級數
kGRuB0J+2WBQOkAU2so3cirN6g3c0kJ9Enwcux8MS6s=,Applications of arithmetic series (basic),basic,0,【基礎】等差級數的應用
NX/cV2Wm/e+Ky0eV3a9fb4uti9Fl/VPgmuajzfa8wtU=,Patterns in sequences (standard),standard,0,【一般】數列的規律
Pm4ZYd3FPx3Chch18Er/uNkCsIZCSvPv19sFZFtZyTA=,Introduction to arithmetic sequences (standard),standard,0,【一般】認識等差數列
QEjs/Y0qxKqphtX3HPy3o5NLK3ln/f5PNCKLAhhvKJM=,Applications of arithmetic sequences (standard),standard,0,【一般】等差數列的應用
DsagSH6fY3fa91S3IfiweWR01YDbg7w40kuIJWwvvZM=,Arithmetic series formula (standard),standard,0,【一般】等差級數的公式
aWIZnPhyDCMR9yuVS0hy2iEHURPnHdsUNDkz0hzDL3o=,Applications of arithmetic series (standard),standard,0,【一般】等差級數的應用
6Y5XzaNnvoUiMar6dJzcl0gW14UUz60BXY0x7j2LqTc=,Number lines and absolute value (basic),basic,0,【基礎】數線與絕對值
v0TbRc4ZlN2+X5KttQxhQOr4bWfGw70hWriCxujmRTM=,Exponents and scientific notation (basic),basic,0,【基礎】指數與科學記號
tOR47i7wGbuHkGxkhX9tHItMHHuJtAttsvHDOjDRVOw=,Positive and negative numbers (basic),basic,0,【基礎】正數與負數
BG1RsWojzEHzV28RBm/1iKi1NyZgDcDomLYEJSV6lmo=,Number vocabulary (basic),basic,0,【基礎】數的相關名詞介紹
EH35TxVqqCRWfd7C+kBleb4yHsq1ycppE5AvnX+WQBE=,Coordinates of points on a number line (basic),basic,0,【基礎】數線上的點坐標
4p305X/NqL1Zx9j6BDJEpiQx090kFF3o/LTTGJt5s/E=,Trichotomy and transitive properties (basic),basic,0,【基礎】三一律與遞移律
oAoQyh9NT0lXlshN6sYYNSMTizpgCVqITEKcEthrDZU=,Opposite numbers (basic),basic,0,【基礎】相反數
EeAQRS+kGarrxqFWxO5U2lJ12zE7xgtIiHO9ojBNYpw=,Absolute value (basic),basic,0,【基礎】絕對值
Wk1PobqnhB1FsjjiU84gVNe9j4O6SLWWYfvGb/l6MR4=,Adding numbers with the same sign (basic),basic,0,【基礎】同號數相加
pHm5o9NLjlO2lXB7CH2U80qF20rcHwHgxaIwnQiSd/c=,Adding numbers with different signs (basic),basic,0,【基礎】異號數相加
MT7C8JLJuKRBwbHC7sjLfteRuwqBae+IlGh/2pBtUX4=,Applications of the commutative and associative properties (basic),basic,0,【基礎】交換律與結合律的應用
PGbCr6wCmzlyPoKCBQv8aOM0NW8HVk4PW+IU4iR6GRI=,Subtracting integers (basic),basic,0,【基礎】整數的減法
lG8uYsrQADh32pvOcrvytT25qo4UpZUGkrybb4ycFEs=,Adding and subtracting integers (basic),basic,0,【基礎】整數加減運算
LpZS/GFsDGjF3rEt7YLZd8IYdScjZ5Z+5bJuJ/c2BZs=,Addition and subtraction with absolute values (basic),basic,0,【基礎】含絕對值的加減運算
zcH7Yl/gFwkU2Mej9UzQgaJL66wIdiMucPZwVyeqHxc=,Addition and subtraction with removing parentheses (basic),basic,0,【基礎】去括號的加減運算
IttU7X/dI6br6pFlzFNdqVSEFYzU5wvX2yFKtVdqbjs=,Distance between two points on a number line (basic),basic,0,【基礎】數線上兩點的距離
clP2+ai8jg0m7J92YX2RrRzXyBa4jLyja5WruzDuOZ0=,Finding the midpoint coordinate (basic),basic,0,【基礎】求中點坐標
QKs+1aEPk0x80IIx0aKNLHlmX1JIOry1/wb3Lhq4sFg=,Multiplying integers 1 (basic),basic,0,【基礎】整數的乘法 1
+tVk3DLjXUKiZ3/hK6CJAl3Z8sfp093/2DwLqCsFgMA=,Multiplying integers 2 (basic),basic,0,【基礎】整數的乘法 2
H+kjSpD4tvJlZwMTYPX4lhGX0K6WehpDCq47nVwRYI8=,Applications of the commutative and associative properties of multiplication (basic),basic,0,【基礎】乘法交換律、結合律的應用
e/+cIBGmDAZDgbD/6i/zllBplAiM5B1squ96zM4BIj4=,Dividing integers (basic),basic,0,【基礎】整數的除法
MjiiiChVSuiaHesBEPm6QmA0eZIz8dgF9wOzXR9La48=,Four operations with integers (basic),basic,0,【基礎】整數的四則運算
d96gb3CJNJAs06rSg/7oI0q50Y7vxIOB8A4ubdHQADU=,Applications of the distributive property of multiplication (basic),basic,0,【基礎】乘法分配律的應用
STKIh4mc96nCMWCChSWcToyncYSNayuOyy4k9dSAgS0=,Meaning and notation of powers (basic),basic,0,【基礎】乘方的意義與記法
NoiGICCqJdvFmvy6LlcPw0m5SH7C7FO4TMbJHCdlRz4=,Powers with even or odd exponents (basic),basic,0,【基礎】指數為偶數或奇數的乘方計算
bcVaSTFMr4RK9JPKGqEq+y6uMvBtTET8i7vhnwCQTpA=,Powers of 10 (basic),basic,0,【基礎】10 的次方
jkqCQc81VUibgQkhHl//+5PRaSA68Wd3CxUPvlOv+Yo=,Scientific notation (basic),basic,0,【基礎】科學記號表示法
HMhzLW9miVf0WLDDX9F7g67mAm9td0TfHSo8TeZQj5M=,Comparing numbers in scientific notation (basic),basic,0,【基礎】科學記號的比較大小
utmhbxXhQQSgaC8EVrCmsYgVsNCiRAd7R80icvSkcME=,Number of digits from scientific notation (basic),basic,0,【基礎】判斷科學記號的位數
VoUEV5MkNaFrGENiLqm3zykytS3WV6a2u96d8kgEAN0=,Number lines and absolute value (advanced),advanced,0,【進階】數線與絕對值
Iri0Mm69Jhy9dYumaZScJt7B6cHJhAjve5Ii96kP4vc=,Negative integers and the number line (advanced),advanced,0,【進階】負整數與數線
tPzc0JSXpr0JmIZKsEwoPNd7HYlbgErDMf2uJUXKJco=,Situations that use negative numbers (advanced),advanced,0,【進階】負數的使用情境
BMWFDTPQo2WDehX7lEVqVUvQfGCijq3whIyPYMnjc30=,Properties of the number line (advanced),advanced,0,【進階】數線的特性
PB+tEauJ6Cu8clF5IHjouv5FqEgH9UDWxbOqE+SBa50=,Non-integer points on a number line (advanced),advanced,0,【進階】數線上的非整數點
DH1woY0jiq5IXrppQ7IjlrjnVUoe9Y99FFrAnh4K9qc=,Exponents and scientific notation (advanced),advanced,0,【進階】指數與科學記號
HVK5NzAAwATh2OikiX5NMJyrMLE5+2ef85INuQeTIqU=,Number lines and absolute value (standard),standard,0,【一般】數線與絕對值
i5SUcTqeYRtx49V8b84jSxOrV47WyyCXa+/7pE6/6Gg=,Exponents and scientific notation (standard),standard,0,【一般】指數與科學記號
XG1pV3YZ4tnQkmvmVbwNYnm01m9sRhZovPW1qTPIGYI=,Comparing numbers (standard),standard,0,【一般】數的大小
9OXYxjWigzS5FgP5nZ1y1EAtwQihC19PGhDlRKqK3Pg=,Absolute value (standard),standard,0,【一般】絕對值
YDMrFIf6Xald2go/hpaWsU2D05toJULMFD982lohHw0=,Applications of the distributive property of multiplication (standard),standard,0,【一般】乘法分配律的應用
45ftKnZp9GFrtzAvKvMwoMxtJRjVTLZxIXl1Vo6PzFY=,Multiplying integers 3 (standard),standard,0,【一般】整數的乘法 3
KDOmuTrY/IJzDP4kIgIYCBiGyTymsJ8Iy4cDB35WGYg=,Four operations with powers (standard),standard,0,【一般】含乘方的四則運算
nSqkMbcuNaqkzvd89qwGhLvqOM1liLIgDjmIgS4Hgj8=,Applications of exponents (standard),standard,0,【一般】指數的應用
u2U8EISDcFel7/t+fC2pJWsANLAo2XCOdvqmg2fatRg=,Angles: mixed review (basic),basic,0,【基礎】角度綜合習題
gwyAKrDd3r/aPElAq/97BWk1H4+bsSURhZI+O3WDwFY=,Using a protractor (basic),basic,0,【基礎】量角器的應用
AI1fp53PL5PAqIN/QBoT8xH/OkkpVuGuw+2Bfw9WjbM=,"Obtuse, acute and straight angles (basic)",basic,0,【基礎】鈍角、銳角與平角
suDCkQs0H6kriJ78abNYmrtyOrBj80FflKWAiW3yfD8=,Adding and subtracting angles (basic),basic,0,【基礎】角度的加減
hUzEsTi50WTbf2tmbhGIyPzIujolDgn1RHd2PkkB1Z4=,"Angles of rotation, straight angles and full angles (basic)",basic,0,【基礎】旋轉角與平角、周角
YK8k7vXBGE+Uz9zSJyxXp6OC214bTKKGGTqalD/Zf5I=,Boundaries and perimeter: mixed review (basic),basic,0,【基礎】周界與周長綜合習題
Mg4qERZHTwwC2gbKK5PK1x83LmW5lgPUKB6xEdFM6Ys=,"Interior, exterior and boundary of a figure 2 (basic)",basic,0,【基礎】圖形的內部、外部與周界 2
uFCpz18ILNOA86AuPKzKb6a5FpQZu4/+OQ3z40HL+e0=,Calculating perimeter (basic),basic,0,【基礎】計算周長
dbfungJHCNq5u7rIZjs2wCd9hgFrRs2MXbTqu1obyVY=,Circles: mixed review (basic),basic,0,【基礎】認識圓綜合習題
WeWipB8F4WKb1kJjUzDzzeqmt5Lb4mPAJy8sJKmYoAM=,"Center, circumference, radius and diameter (basic)",basic,0,【基礎】圓心、圓周、半徑、直徑
2I9aYyQzVZey2D9t2kJpJn97Aty7PBeZ0ITJvFS7Hfk=,Triangles: mixed review (basic),basic,0,【基礎】三角形綜合習題
65YgA0ahggSdeaYBdRl82v/AO+pGzmZFqsi8TTDiP3Y=,Equilateral and isosceles triangles (basic),basic,0,【基礎】正三角形和等腰三角形
WzvugOYA7I7EAC0ty8LiMKIA+9T/CYrBJx5dG+/QcMw=,"Right, obtuse and acute triangles (basic)",basic,0,【基礎】直角、鈍角和銳角三角形
Xon2nhjAvMcy7wYUdVvTMH3poFnamhJUQElLk1ijsb0=,Congruent triangles and cutting isosceles triangles (basic),basic,0,【基礎】全等三角形、切割等腰三角形
5svTX6dhnFB2BXkiQO1O2qKKYggIy5f5KlvnEVntVhM=,Quadrilaterals: mixed review (basic),basic,0,【基礎】四邊形綜合習題
2dZAIlKn+MzyIa5L8xpWkRhS6Njmw4EYe2vwwwNsRQ4=,Introduction to perpendicular and parallel lines (basic),basic,0,【基礎】認識垂直與平行
o2v8hx0EmFclMvX5SlXFoeynGuxWWbcFjk7H1MUqkjw=,"Adjacent sides, opposite sides, opposite angles and diagonals of quadrilaterals (basic)",basic,0,【基礎】四邊形的鄰邊、對邊、對角、對角線
Lhd00PvCdq23PNggSHEbszeZ68vTRWdg6MmaBD1kEZ8=,Types of quadrilaterals and their properties (basic),basic,0,【基礎】各類四邊形及其性質
J967JTnPp2BN291C9SMVH/p3iQ130V2A2rVdlybNUv8=,Congruent quadrilaterals and cutting parallelograms (basic),basic,0,【基礎】全等四邊形、切割平行四邊形
JSn/IrR9AojleJJunX1UPpeay9cWZA1jAL2BZ2RcmFU=,Triangles and polygons: mixed review (basic),basic,0,【基礎】三角形與多邊形綜合習題
nBtFGzjZtlpB0wyz3JkA25mI5JiF+hdWJNzJUiMw1V8=,Side length properties of triangles (basic),basic,0,【基礎】三角形的邊長性質
k8mqp+KZGRgdlEg/caQhZBQLHh9jgIXK+aTtrCuSd0s=,Polygons (basic),basic,0,【基礎】多邊形
Pt16yAWeWMgPGXsQUWEZ8q4oNKD30uoUwMljaOi24sI=,Regular polygons (basic),basic,0,【基礎】正多邊形
cINypIteJpgvnBnuBcPhQ0QhSdf0LxpMPHuxN3Ibuyw=,Interior angle sums of quadrilaterals and pentagons (basic),basic,0,【基礎】四邊形、五邊形的內角和
uX/j5LVl0PCKk2qBUgAktTGQtVdMKcT0MuXKsahNaX0=,Sectors: mixed review (basic),basic,0,【基礎】扇形綜合習題
arhLfqJ8pA8XhguBiyIZKbrXTISqxBnAQeYVkKBtcWQ=,Introduction to sectors (basic),basic,0,【基礎】認識扇形
OVwmRGTNCS+hBkvFYDawSwdperfo46ooCVV/tBEfd84=,Introduction to central angles (basic),basic,0,【基礎】認識圓心角
eHoVband54HgDCiLdmwxL2LOmHeZyfACsh/KtEbRFUU=,Areas of triangles and quadrilaterals: mixed review (basic),basic,0,【基礎】三角形與四邊形的面積綜合習題
7+zCeocizYIObv87m8EGftFwibVwD/QmbxfbCVzvqmM=,Area of a parallelogram (basic),basic,0,【基礎】平行四邊形的面積
CsEbUU6ye3MWlxUXRNZ6czmGLlt70mRKs5S2ZyYEn7E=,Area of a trapezoid (basic),basic,0,【基礎】梯形的面積
uwQG8/ZoR1/zZTjWe3OIyW1B3Qqs58hnkYXRteZxUxU=,Area of a triangle (basic),basic,0,【基礎】三角形的面積
4aBoITa95u1u3wbHY37hPJIFFinn6ZnQjmZmH1sP830=,Line-symmetric figures (basic),basic,0,【基礎】線對稱圖形
ZS2aKTrfYoSFzhm+weF3amIGgUrNaR6urAPzgLNqWdY=,Line-symmetric figures and axes of symmetry (basic),basic,0,【基礎】認識線對稱圖形及對稱軸
uARLhNTVv+B9sHgK+FR/rGo126mTuK6g9WGLYh9qQZU=,"Symmetric points, sides and angles (basic)",basic,0,【基礎】對稱點、對稱邊和對稱角
+aXi8dpg0URdKkJtkicic7DrTHAWPSnR9bwD+QouANE=,Common line-symmetric figures (basic),basic,0,【基礎】常見的線對稱圖形
psOl97Npo5l16YVN2pmzdl20PaJ8JJBhPfoVVdDMiHc=,Scale drawings and scales (basic),basic,0,【基礎】縮放圖與比例尺
8Ncq2cefDusTuXeFUg7peZUP0xBVAEOXIeeF0IxNqic=,Enlarging and reducing (basic),basic,0,【基礎】放大與縮小
5ONBvVe9aUAWqO62Iz9waAwTucWIMbiDHCrXaLI33gI=,Scales (basic),basic,0,【基礎】比例尺
/m+oiUSO1lBCPvQ6LkUyCbWdd7ML4X1IxxuUa8QcDMo=,"Corresponding angles, sides and changes in area (basic)",basic,0,【基礎】對應角、對應邊及面積的變化
4JcS9o5eqSGmsfqe/xrIrLH6445lgnKVcwF9b24djEw=,Scale drawings of circles and sectors (basic),basic,0,【基礎】圓與扇形的縮放圖
nPsED61TTD7PvRSGYJUPEHBUKdezjtZUIvu4i8tBFdY=,Pi (basic),basic,0,【基礎】圓周率
O7yKpGNIFze/B/+ivo0JTHDVQ3EpuTLWwbjz2ouVChw=,Area of a circle (basic),basic,0,【基礎】圓面積
m7rxdmifsJ8HxB91x1USFvW7op/ZusrvlAjq/FAmRE8=,Area of a sector (basic),basic,0,【基礎】扇形面積
P02YQOS0HnUM+0FJcT2Hpa5X0gjJ/eIaL/Quc8Kj5u0=,Angles: mixed review (advanced),advanced,0,【進階】角度綜合習題
lFLZ4isn2Tcu3H1DyFd4lxgmyJw8//GeWJHAYAvGHfo=,Boundaries and perimeter: mixed review (advanced),advanced,0,【進階】周界與周長綜合習題
HkphON7FGZhxH00QM+nroOHvAGI5ntJX09tiU1Vu80A=,Triangles: mixed review (advanced),advanced,0,【進階】三角形綜合習題
9x6ylQHM8NlCIaCOiZUyL0Y/WcL5HVFdi3T/TCdr9W8=,Quadrilaterals: mixed review (advanced),advanced,0,【進階】四邊形綜合習題
w8mrAb/M/c9pr/FAngd/vU90ZIlBOtjnjrpToRgWGGA=,Triangles and polygons: mixed review (advanced),advanced,0,【進階】三角形與多邊形綜合習題
XQuz0Vc87NUlA8og1jI8f37Vznop6r8vbYxTAhHk0c8=,Applications of polygon interior angle sums (advanced),advanced,0,【進階】多邊形的各內角和的應用
uT7yFiOpFCZP5NXkxFZg0sUJ1zKo8HYmtUxumXs3khM=,Sectors: mixed review (advanced),advanced,0,【進階】扇形綜合習題
EmMf7fKLNR/bxD1PlEAJpZ6oI8o05NkGbs2nb4hnj20=,Areas of triangles and quadrilaterals: mixed review (advanced),advanced,0,【進階】三角形與四邊形的面積綜合習題
68qPK7TNOqHxa+vLFjF5SaA8s85h1cGPnEcSqmp/G4I=,Applications of triangle area 2 (advanced),advanced,0,【進階】三角形面積的應用 2
HxDSyyUmHERWpro0B8nEQFWH/E461CuZXM5F7LpOHO4=,Applications of area formulas (advanced),advanced,0,【進階】面積公式的應用
v0QQMEqKJpDj2celSchjacrZA92MTrfjIWGDYbugu6k=,Area of composite figures (advanced),advanced,0,【進階】複合圖形的面積
aiQx7FTmtkEzQOA5cGnbKrlqzKkK4IAgGnwNsgrBuC4=,Line-symmetric figures (advanced),advanced,0,【進階】線對稱圖形
K+/l1QecCKo4z/PiXGWgLmP5q07XSMDUh34+HKmEltE=,Scale drawings and scales (advanced),advanced,0,【進階】縮放圖與比例尺
oggomtrz9eq2rWMdcZAh+i1WGKGz84PfStIZUsiqfCM=,Perimeter and area of composite figures (advanced),advanced,0,【進階】複合圖形的周長和面積
eJs/Pql/Xui+9mjL0q4CwHI/r+w6Bn3tTCt0i6r4xrg=,Arc length of a sector,,0,扇形弧長
hxF+GCZ2kFjuoHOUVj0a6Jn9NbRfydExscjLa0cvxuw=,Area of a sector: mixed,,0,扇形面積：綜合
PpW+++sV2g8ZfNiSrJBx4aUY2yL+BPpbafTDwscbOow=,Angles: mixed review (standard),standard,0,【一般】角度綜合習題
PSneyMRyz91kF3BethZIYuhHg8W9mV383mS+3rQguUQ=,Applications of adding and subtracting angles (standard),standard,0,【一般】角度加減的應用
VLG8jzZDi3OzlWsTunU487LkKuMt8oRCf6DBpBjv/pc=,Boundaries and perimeter: mixed review (standard),standard,0,【一般】周界與周長綜合習題
ROy2LJr08ctjmiuRc4SXFKrmk91KPBxZU6hZPJ7JIu8=,Applications of perimeter (standard),standard,0,【一般】周長的應用
8Ym4s3vcF6pOUvb/40MoFgXhozbjEeY5KL6S60BHW2A=,"Applications of interior, exterior and boundary of figures (standard)",standard,0,【一般】圖形內部、外部與周界的應用
XABiqjiym+yxP9IxWjibmAF+Ccqqu+GF+oujfq0IbWY=,Circles: mixed review (standard),standard,0,【一般】認識圓綜合習題
OUnkRX0qK0fXq4JbhUkqNk/Pm5YTwahvlT0CQeC21Zg=,Applications of circles (standard),standard,0,【一般】圓的應用
81slPW4ugMYwnmjLjYrVz7eWERceMuwjaiOLE/U4Cg4=,Triangles: mixed review (standard),standard,0,【一般】三角形綜合習題
3Bb76ZUap0HQIBirEbaOpc3O9okCVcv5TcNx+GfSCzk=,Quadrilaterals: mixed review (standard),standard,0,【一般】四邊形綜合習題
uNJhNi/pUS9w/pd7eVnHXB9PvBDWWQQdf22l/K+jxW4=,Triangles and polygons: mixed review (standard),standard,0,【一般】三角形與多邊形綜合習題
mGoRYD5V/cXy8XsqCcXYWPBKSKknFWuZrWhbNZhQmqw=,Interior angle sum of a triangle 2 (standard),standard,0,【一般】三角形的內角和 2
txKQr1wDyBrIVa1zb9Lvl17prOdzCzFhO+UpqBdTlhE=,Sectors: mixed review (standard),standard,0,【一般】扇形綜合習題
gNyTSOhVPx7BtUSsEdgCgV4rbwDOKngaJWFrYB0EinM=,Sectors as fractions of a circle (standard),standard,0,【一般】認識幾分之幾圓的扇形
eCi043NcnwGh9pN73yoZOB0rftEOHoYCpIkcigyKXhA=,Areas of triangles and quadrilaterals: mixed review (standard),standard,0,【一般】三角形與四邊形的面積綜合習題
RyHgPcXfEn/CVHtbJsSpZTh3Ri3giA5M6sf1VGayr7c=,Applications of triangle area 1 (standard),standard,0,【一般】三角形面積的應用 1
2/JTGg3RUH3Q7RJgicVubieOoxNnseT0PQorlMexeog=,Line-symmetric figures (standard),standard,0,【一般】線對稱圖形
SNny3SIxP6zv/dhk4ZU0EH0mmajwjgeHGzeEZpTbzvs=,Scale drawings and scales (standard),standard,0,【一般】縮放圖與比例尺
K5JzO6isAN9xTFepnDicBmb9YTIOvXDUHwa60hwxCjM=,Applications of circumference (standard),standard,0,【一般】圓周長的應用
3b4WEwcR5WHjNJnrhAcEIsTdouxsfJ8nSQZ/4ikf4SM=,Applications of the area of a circle (standard),standard,0,【一般】圓面積的應用
cdFXA6IT4q2KUZxKXFD21+IYBmdKr9+64dIZOPfosfI=,Volume of cubes and rectangular prisms (basic),basic,0,【基礎】正方體與長方體體積
CHLr4TQcYRa8ps6Vpimyi7fiuL+EtoUaN1YAWoCE+Tw=,Volume formulas for rectangular prisms and cubes (basic),basic,0,【基礎】長方體和正方體的體積公式
YORLcxgiHpb03U15diML90XnAXNqfG/QtxNo1PrCGVk=,Volume of composite solids 1 (basic),basic,0,【基礎】複合形體的體積 1
awqH6F/TgV0QhF46PtnHP7eSsTSHSXMKIO4KqJaMn04=,Volume of composite solids 2 (basic),basic,0,【基礎】複合形體的體積 2
BsX6i0arMQF4Pm3e13U2Hs8vkEflls6+v5TKh3xvkU0=,Volume of composite solids 3 (basic),basic,0,【基礎】複合形體的體積 3
5XP5A34EbVYPsNgi2q9tNzuW5fSOenWfbBkAXDGKAfw=,Volume of composite solids 4 (basic),basic,0,【基礎】複合形體的體積 4
1xsYLCdr/gQCUDijkXoMhULyqs0zluLgCvJN7Bfq3Pg=,Surface area of cubes and rectangular prisms (basic),basic,0,【基礎】正方體與長方體的表面積
KDmidXT8+B/WOtPvVSWF6TKTO7xeI+S5CqqmaRdkHcM=,Nets of rectangular prisms and cubes 1 (basic),basic,0,【基礎】長方體和正方體的展開圖 1
FXZHogJiLvLU25++7dJCE1y9LEuSi4gulb0iPp36vdQ=,Surface area of rectangular prisms and cubes (basic),basic,0,【基礎】長方體和正方體的表面積
n+b0VzjA7b3kgqw8iXzwX0yTpYwNRczONSV0z2jNGtg=,"Prisms, pyramids and spheres (basic)",basic,0,【基礎】柱體、錐體和球
QZ6LopqYP/r9aU9mfJaX3+scQfAlYe19eeaj7TW+zww=,Classifying solids (basic),basic,0,【基礎】立體形體的分類
8k9UdKViQ2bczWr7yGZpegN088XEN6uGJi0UI+kr5vU=,Parts of prisms and cylinders (basic),basic,0,【基礎】柱體的構成要素
2f91Isfs+HaZMyoefue8KM5T9TUHnyfMUs7lDEcsgWo=,Parts of pyramids and cones (basic),basic,0,【基礎】錐體的構成要素
X3kjMLe+TWKd9Bm5TfIaJZzzngni5Yb5nJxHI3WWvO0=,"Numbers of vertices, edges and faces of solids (basic)",basic,0,【基礎】立體形體的頂點、邊、面的數量
R8DtELOi6cThZOCqTX6c+wNDtTcGGuaAufw4vCdQPsw=,Relationships between solids and surface area of prisms: mixed review (basic),basic,0,【基礎】形體關係與柱體表面積綜合習題
SBKtN+xP0yIQrTRObRW2C5D7oO34pRf8QAnjfMjnqcY=,Volume of prisms and cylinders: mixed review (basic),basic,0,【基礎】柱體的體積綜合習題
ZTrivKluBU7pmaSFNu6x4a8QnBgW4kdz9KN9RcGKzn4=,Parallel and perpendicular faces (basic),basic,0,【基礎】面與面的平行和垂直關係
hLFiBikqhFsQw0px/iUFWmJ/TvnIlZpv95bRtR7baZM=,Lines perpendicular to faces (basic),basic,0,【基礎】面與線的垂直關係
v0sbjtQ2OP0XxliWlaM9TYTIuItpb/xj6QRsVVITb9o=,"Relationships between faces, and between lines and faces, of prisms (basic)",basic,0,【基礎】角柱面與面、線與面的關係
YkHODfSVaCIiF+woaqNHli0DqOr4KOxt4DKcsOdLMr8=,Surface area of prisms and cylinders (basic),basic,0,【基礎】角柱與圓柱的表面積
AUKcVABab0p2gaDWuFp3/SBBMLdbzqtduBnXhYaNX4A=,Volume of prisms with parallelogram or triangular bases (basic),basic,0,【基礎】底面為平行四邊形、三角形的柱體體積
YnI7n8GUBMZqWulnBVfUXzZLgJVDs7v0mGRfjKqao2k=,Volume of prisms with trapezoidal bases and of cylinders (basic),basic,0,【基礎】底面為梯形、圓柱的柱體體積
/Sw5cJFSX/oGzBxxguGO4BkFKPZmhFXSpCCJVhOtffU=,Volume of cubes and rectangular prisms (advanced),advanced,0,【進階】正方體與長方體體積
dp78n2nBF0mjm5oRY8h60W1V3QuUhYHp7Q+b48XB8e0=,Volume word problems with rectangular prisms and cubes (advanced),advanced,0,【進階】長方體和正方體的體積應用題
7Q7Ff0raH7ISEZGbShV9Ir0eGA4xKjVISqXU/om3sX8=,Surface area of cubes and rectangular prisms (advanced),advanced,0,【進階】正方體與長方體的表面積
FzlL3BMs4RcndF+5SIruQoA/ds42iWUt+cuErOyosIg=,"Prisms, pyramids and spheres (advanced)",advanced,0,【進階】柱體、錐體和球
lJHhoRHd3ZUe74e2337gW8J09hUfhPdaYcz7qmJYkh8=,Volume of cubes and rectangular prisms (standard),standard,0,【一般】正方體與長方體體積
GZY8ga1P0DFvam+70Fjj0NwIsPACRwDe+RH8rmO/m9I=,How a cube's volume changes with its side length (standard),standard,0,【一般】正方體邊長和體積的變化關係
54iaIjJ463HXFF9nhiwi/1eQIB9mSIwg4hA695/iDZk=,Cubic meters and cubic centimeters (standard),standard,0,【一般】立方公尺和立方公分
R9Uc/YSWli57zmUYbFm1LrpLpQSpiV8XlzGUDkoUIn8=,Surface area of cubes and rectangular prisms (standard),standard,0,【一般】正方體與長方體的表面積
UukST5Jm3oHVK7g3ktel5joKNlCYBQJIX/A+GOGyjG4=,Nets of rectangular prisms and cubes 2 (standard),standard,0,【一般】長方體和正方體的展開圖 2
wWw2CLiK4yqlM5/ZJQgVspMEHVnWTfbbuGHAZs+py9c=,Ratio of the surface areas of two cubes (standard),standard,0,【一般】兩正方體表面積的倍數關係
olB2B7ueYn8YeM/OoPIbIX+bgetpmV3h25n3vXx9wkY=,Surface area of composite solids (standard),standard,0,【一般】複合形體的表面積
Ng8Iw8PYfUoT3Pv0dKtEs6DvpuenM9W6STSDlwcc2f0=,"Prisms, pyramids and spheres (standard)",standard,0,【一般】柱體、錐體和球
GA6Dha1MDEK/UJfiA7ab/hYV7PyA+y3Ff04A0q01FLI=,Volume of prisms and cylinders: mixed review (standard),standard,0,【一般】柱體的體積綜合習題
TWogEjXZZBCw1gGUayarBvTA2viDN2Ly0/KsRLsP0rg=,Volume of composite solids 1 (standard),standard,0,【一般】複合形體的體積 1
ivMwj8BftiUhzy+S92MtpdbXyuTfab9H8lSFFi2azt4=,Volume of composite solids 2 (standard),standard,0,【一般】複合形體的體積 2
7fdHou+q4q/QY9nkfzbfGyWbvW6prJBGXnsOLgIlQbw=,Introduction to bar graphs and pie charts (basic),basic,0,【基礎】認識長條圖與圓餅圖
GoN9YWbQI69re/7NeUvdDmSwlJ5jhP/K1FhXV5R/+MU=,Frequency distributions and cumulative frequency distributions (basic),basic,0,【基礎】次數分配與累積次數分配
JlLOrhjyKOHgQMgBDevMNpEYdnN2KuLkLOsihld3/ug=,Mean (basic),basic,0,【基礎】平均數
raJS0zfRPS5NRtiba9q43gsUyH0PaPvhjSc192V9Rw4=,Calculating the median (basic),basic,0,【基礎】中位數的計算
3bHs8ubahqHEEoAqR+v3jiUd36aEtg6AwQwevvoB5g0=,Mode (basic),basic,0,【基礎】眾數
4Cs14shCTLdfFnIdlQ4kN//z73I2k0ryjmF6E1FzBmo=,Percentiles and quartiles (basic),basic,0,【基礎】百分位數與四分位數
Ijs1UshEIMgt1OcG6eKsXptj44RGEr6VuWhFcmr0erA=,Range and interquartile range (basic),basic,0,【基礎】全距、四分位距
vY8SyP2MYgZZz//LD03tey6tg5oMmcO2xFzs4CJO+4M=,Introduction to box plots (basic),basic,0,【基礎】認識盒狀圖
qFKdCNiWQCeUTbvGJqYeg6lzdzk69fUJmjb6efOtAUU=,Concept of probability (basic),basic,0,【基礎】機率的概念
2k3XtblUSWpurYNdEmcHclEHBkPUraezRZrIxjMggzE=,Probability with equally likely outcomes (basic),basic,0,【基礎】機會均等的機率
igyppz1W8cwmEp4KYuI4wd36zojXrAzg1FjgEb9oaW0=,Probability of an event (basic),basic,0,【基礎】事件發生的機率
BFLeIt3fKT+RFErw4CjMV/iHEo5mzd9ZTYi6tORkpok=,Probability with tree diagrams: two stages (basic),basic,0,【基礎】樹狀圖求機率：兩階段
NcWaNtErOZNSS3qaqbqUhMRUU3/LUYwHj+5/vw601SU=,How adjusting data changes statistics (advanced),advanced,0,【進階】資料調整對統計量的影響
CVPAbATBJIcwj+W5tdHPMJPOXd7zjBzeCVdUuSchQOQ=,Applying statistics: mixed (advanced),advanced,0,【進階】統計資料的綜合應用
3T5CjM/cVJ69j4JcjfIpyFR12FVoH9zN8h1GhXhBCAk=,Introduction to frequency polygons and histograms (standard),standard,0,【一般】認識折線圖與直方圖
DDlDJPD+Pf0lX8WBgnOUdm1wA1bnHc1lsKlvUct+Qb0=,Relative and cumulative frequency distributions (standard),standard,0,【一般】相對次數分配與累積次數分配
31pm8raJKwwI41JrU+s508PpAfTazsyOVzK6AcUPbU4=,Mean from a frequency table (standard),standard,0,【一般】次數分配表的平均數
tX7NdqantvoBvQvdkD5+zE0t7sWCWqUqRru/FcnRYEY=,Median from a frequency table (standard),standard,0,【一般】次數分配表的中位數
iXwCZxKEZeb4dyC2NYB/rHZE/rYeCXcZ3kTdfe7CQBo=,Percentiles and quartiles of grouped data (standard),standard,0,【一般】已分組的百分位數與四分位數
CMyGDXUELzeplk/4CMeRIFdFeukLF5cACzMugP2ar2k=,Comparing several box plots (standard),standard,0,【一般】多個盒狀圖的比較
N7RI6heSDN83dU42Jm5Q5/NhgGiBHJV/siihpGG9+YY=,Probability with tree diagrams: three stages (standard),standard,0,【一般】樹狀圖求機率：三階段
RC6q7zijbSkLeANRrhUHoLSa+HC/PGtbFSSBlsaFrag=,Exponents: folding paper and powers (basic),basic,0,【基礎】指數：紙張對摺與次方關係
vKy7mwWzDQnqrw/yaJ6PB2jW/wheq1QhTZ1+TEFcP8U=,Exponents: calculating powers with a calculator (basic),basic,0,【基礎】指數：用計算機計算指數
5hdoig9S5bMSEU8dY8iuOOHDxIhRszCyjA2j1+HvnCs=,Multiplication and division: mixed review (basic),basic,0,【基礎】乘法和除法綜合習題
/fQsOaxbPuYyM7ZO/JBLBRA6HJyOHY8zUN9oLVT5vYM=,Relationship between multiplication and division 1 (basic),basic,0,【基礎】乘法和除法的關係 1
4O/bW47dO93OOFh+q3pUoZX5kXQfbqI8onvu0RriUbE=,Relationship between multiplication and division 2 (basic),basic,0,【基礎】乘法和除法的關係 2
J8b8Ok1gEPROB5T/Vtq9jdAFAnS8sLo1ZMsdTpWLr0g=,Unknown factor in multiplication (basic),basic,0,【基礎】被乘數或乘數未知
DBCNxZ0sgsp2UnxD2QjnB5hpbDbKo2poEf5HLMnXhck=,Unknown dividend or divisor (basic),basic,0,【基礎】被除數或除數未知
fjWWAOup4/22H9FJ4JGCOoAlKuzlTKJEBvhYtRhNkEQ=,Capacity and volume: mixed review (basic),basic,0,【基礎】容量、容積和體積綜合習題
s6iUzyQUzDGLXdahm0mCWfk5q8rcxE5JGLnSGk5h88M=,Capacity from inside dimensions (basic),basic,0,【基礎】已知內部邊長求容積
cNDFZsIE6ShplieFXQVimwas6pEjjQ6TXTMZSV/ROT8=,Speed (basic),basic,0,【基礎】速率
HKqPgUALqZGw984KFqAMeDwDJTi9cNhJ51UXfjzELSg=,Faster or slower (basic),basic,0,【基礎】比快、比慢
VFSfDdE2vLsyVfGCGYLnxYih+n8+IpUbRoiUpDJ4hc4=,Notation for speed (basic),basic,0,【基礎】速率的記法
4OOqY/SxnrDhJYNG9IWfI75NGmUwzQF9qC7YYdUwrbI=,Base quantity and compared quantity (basic),basic,0,【基礎】基準量與比較量
D+FHl27nM1FORJIrrx21aDYgSjXGIM4nzk77BDQCSz4=,Introduction to base and compared quantities 1 (basic),basic,0,【基礎】認識基準量與比較量 1
eikXAycSEzx70lQOTATgR6AnubI9JwebkOTZkdgOJFY=,Introduction to base and compared quantities 2 (basic),basic,0,【基礎】認識基準量與比較量 2
Yld92kacYxRSUfN9lQovMp24sfx19G3veIT3XSsHuQY=,Sum of two quantities (basic),basic,0,【基礎】兩量的和
f0wLgPqiGPfmX/CF5qxgNmuoQj/9Z6CKss1Oi6P61I0=,Capacity and volume: mixed review (advanced),advanced,0,【進階】容量、容積和體積綜合習題
7czfGZNjJ+Rcey3EayH2GbR2/u33U9m2PKb1+lMA1bs=,Volume of irregular objects (advanced),advanced,0,【進階】不規則物體的體積
kNUnYkzBPHsIi2kTqCFtR7iMGyx2yZD/KZHuu839hcY=,Speed (advanced),advanced,0,【進階】速率
y2cIQJI2w9BzUTARUpwIfpZKS7NOEaAdBnn0A7fA7Bk=,Constant speed: finding distance from multiples of time (advanced),advanced,0,【進階】速率固定，利用時間的倍數求出距離
LkGxmLWesEPJgooW03RGU1eRXKGzJKoyurxRYeh0KOI=,Constant speed: finding time from multiples of distance (advanced),advanced,0,【進階】速率固定，利用距離的倍數求出時間
yMjqmd4vaehZlSUXc9AMmPQBdPp+256dayxZ/xS7svg=,Constant time: finding distance from multiples of speed (advanced),advanced,0,【進階】時間固定，利用速率的倍數求出距離
U7WkGZRG7Ap28BleazYLuVCBEN3TdSTYP43SOFuOb54=,Constant time: finding speed from multiples of distance (advanced),advanced,0,【進階】時間固定，利用距離的倍數求出速率
7Sm+J+ttrSwXrO/bKt4ZU534Mei/1rKNNW6TpNBbous=,Base quantity and compared quantity (advanced),advanced,0,【進階】基準量與比較量
7XD1iSHcwJip7u6ZRYkTQhjk1DLbKL4lQMrf9nBWnX4=,Sum of two quantities (advanced),advanced,0,【進階】兩量的和
Fp2N843wQ4ascJJ2z+U5gFTitsWL/g/USFepwMhW+cQ=,Difference of two quantities (advanced),advanced,0,【進階】兩量的差
YvQPbwjYS29kj/MLwNYQQZEeHg3g0EltbLRfuPywjqE=,Capacity and volume: mixed review (standard),standard,0,【一般】容量、容積和體積綜合習題
P1aW4NWkbjTAgrdvKdb/WsQZOI7wEV81FWNrD8IkT0Q=,Capacity from outside dimensions and thickness: with or without a lid (standard),standard,0,【一般】已知外部邊長與厚度求容積：有蓋、無蓋
gTX47i+8MQYHcDkBirEicZc7nqG0hNf/20GgU2oQK0o=,Introduction to capacity (standard),standard,0,【一般】認識容積與容量
U0mwINNikgvZ0ftlUeNE7EDUElvPx/tTWfJtl20gC6g=,Volume of liquids (standard),standard,0,【一般】液體的體積
WVgEr0cn4ZJnAjSpBIua9uheGClv4buPcj2zQE2Yp50=,Speed (standard),standard,0,【一般】速率
5dlKZnVky02kPrQ3HjXsJq0FAO4nImf7Q/v6t5xOoq8=,"Speed per second, minute and hour (standard)",standard,0,【一般】秒速、分速、時速
9z7XR/FDfIAlrvVwIbw6cXuoTHPxXx3Tfe2fcYkLFCU=,Applying the three speed formulas (standard),standard,0,【一般】速率的三個公式應用
42SFjQ+xu0j97j13pHv3KG8Ha68fBYaZmYs3641qwho=,Converting units of speed (standard),standard,0,【一般】速率的單位換算
INRHW4A8HcdD24d9DGp5JEEdx6Z4StQt3X0XknSShA8=,Comparing speeds: converting to the same unit (standard),standard,0,【一般】速率的比較：化成同單位
WfTXipC1a2n1v6FzNC711Jzm2ikIDAAPKcOP6AEaR1Y=,Average speed (standard),standard,0,【一般】平均速率
8gOZWBxE7wr8h/rGa/eYrD35P96u8qBjlPgsaHLe/IU=,Base quantity and compared quantity (standard),standard,0,【一般】基準量與比較量
I5F+V017wkGXlo9YHRtw1qVfzFDId1dx7MtIEKLw8J8=,Sum of two quantities (standard),standard,0,【一般】兩量的和
OpP2FCplZ1a3UCUD9+tmw0Az+FrTdUOy8QtzWTO3BbM=,Difference of two quantities (standard),standard,0,【一般】兩量的差
qkyb1eQM8HrW/1r3sz2c+00GK5edqo/fzRXXgF53eTI=,Finding the factors of a number (basic),basic,0,【基礎】找出一個數的因數
fbuOkTzKc7bABIGPJvp/bTmmesQeECfkMWrERS9NDEo=,Introduction to multiples (basic),basic,0,【基礎】認識倍數
ByQA/MmCIFpFDmbqdsY9HPLUXlMwe6dauKrJXJFmtO0=,Introduction to common factors (basic),basic,0,【基礎】認識公因數
9/t+DtjQ/LZtSlRiyxT42j/uCkaXNx3dilnbirw8Idg=,Common factor word problems (basic),basic,0,【基礎】公因數的應用問題
U2kVmFcvfYHpuYGFYE9P/5A//cmtFnXpxBQYS9yWaiw=,Introduction to common multiples (basic),basic,0,【基礎】認識公倍數
rp9yfKKSxDxu3W+c66zfqMEOPAFoBxPk/WXvxBAXfUo=,Common multiple word problems (basic),basic,0,【基礎】公倍數的應用問題
nds7oVk2a6yC/6tk1sTPm75v/0ZPkvrJ00WGmYRciOI=,Factors and common factors: mixed review (basic),basic,0,【基礎】因數與公因數綜合習題
JcrFXI7wzq/14kZRPCdix3feq0/yQh1gHU06bGQwNBE=,Divisibility (basic),basic,0,【基礎】整除
qAtLSVC787ORvbDSF5uaZalBGtpHCkGfy0rXm8xJD/I=,Finding factors with multiplication (basic),basic,0,【基礎】利用乘法找因數
Ps4dfShfpeMF3VG030HqZ2bsbD7PaVxvJYFTtroeSzQ=,Applications of multiples (basic),basic,0,【基礎】倍數的應用
wmSqGTqsAyWkNPvpGkVe/Jb9ezYUQbMHUQmyDPhmRLQ=,"Divisibility by 2, 3, 5 and 10 (basic)",basic,0,【基礎】判別 2、3、5、10 的倍數
rwtEkQkEDS3aQkE+XIosHysCXQU9C8iB14xc1kQC/k0=,Multiples and common multiples: mixed review (basic),basic,0,【基礎】倍數與公倍數綜合習題
rrZveAGxgrsKF1qL65AmLVqda8Zbg24xqWyj34qac9c=,Greatest common factor word problems (basic),basic,0,【基礎】最大公因數的應用題
WS6WWNekaOD2ftvFW2KFOR67cYFe7KHl0DfZjhjhbRU=,Least common multiple word problems (basic),basic,0,【基礎】最小公倍數的應用題
/d39FzqaM3PZzpoMXxA80PMICsVhzfL6MGSCqZtsQOo=,Finding the least common multiple (basic),basic,0,【基礎】找出最小公倍數
1fj13beFL9gkyJu7fOVD08cezQW4aaruf2z0f+Xew1E=,Finding the greatest common factor (basic),basic,0,【基礎】找出最大公因數
2gvPp/ApACeovvXfovMnj6PCOtw2m8IJH2WxJuJuktE=,Greatest common factor and least common multiple: mixed review (basic),basic,0,【基礎】最大公因數與最小公倍數綜合習題
ItQToCzXe/WAeMATDm4tC8gEsJil65dsJph2puJeiSQ=,Prime and composite numbers (basic),basic,0,【基礎】質數與合數
gBWgPAdRB7ghGaR1wXxs0jogZW6obH9cO2hmBu/pUx8=,Practice finding the greatest common factor (basic),basic,0,【基礎】找最大公因數的練習
HDHAipSsrFpMgCVqD8wYT4JhziGVSgjG2rkkL3dKY/g=,Greatest common factor word problems (basic),basic,0,【基礎】最大公因數的應用問題
vOj4Z8p9VKUkpLIbagpQRE/n8WQ3XrWMBl+kWtdlktI=,Least common multiple (basic),basic,0,【基礎】最小公倍數
aMy+V/IgYkfzzxp0JhGeJIW3f3X4rBOZf/UgsI2IX/4=,Least common multiple word problems (basic),basic,0,【基礎】最小公倍數的應用問題
PB2mQE/E3slXrHhnDVHSNhb5Ei8QIwQB6DipI2jRkOU=,Coprime numbers (basic),basic,0,【基礎】互質
YuGOmB+frbM8rfAa0RJE882R+IoMf9N89OiVqLbAHBw=,Finding prime factors (basic),basic,0,【基礎】尋找質因數
jXZ8uCJJ9uMd1vX/0Uyac0KK34c6zOc1OVgU0mDONk8=,Prime factorization by short division (basic),basic,0,【基礎】利用短除法做質因數分解
RKkxBe+3Z33I75tZfZ8EY7LtVnN5QEfE8O0y6bPFCeo=,Factors and common factors: mixed review (advanced),advanced,0,【進階】因數與公因數綜合習題
qoREG2KBVgevjuwDNMApauSTJsLjeqqVEyXdOAB0xMc=,Multiples and common multiples: mixed review (advanced),advanced,0,【進階】倍數與公倍數綜合習題
0FMoJE22DcUZEQ3fIPHBSuBfrQEG0vjhpvOoWyeTTXY=,Greatest common factor and least common multiple: mixed review (advanced),advanced,0,【進階】最大公因數與最小公倍數綜合習題
o/aHMWaMdC0+kGRlcK7UV02bbJaIcaE/j2nbSkgupxw=,Factors and common factors: mixed review (standard),standard,0,【一般】因數與公因數綜合習題
eddO7Y62aSxN4O6q6+UZ1oFT7Ev3tJqJn8H7Lz664kk=,Multiples and common multiples: mixed review (standard),standard,0,【一般】倍數與公倍數綜合習題
Th3OVzxgS2ilcKpcQLrQzAG30fdrg7VHZmV5f4PjJb8=,Greatest common factor and least common multiple: mixed review (standard),standard,0,【一般】最大公因數與最小公倍數綜合習題
PDjFRBgq4c5rzxS6wQrkOkhNs3qKPZ35htxUocnuNEw=,Applications of prime factors (standard),standard,0,【一般】質因數的應用
ptoq0DfX5wthTe3dAIOp8nh+CYffpkOTH0Y5myecBVc=,Finding prime factors by prime factorization (standard),standard,0,【一般】利用質因數分解找質因數
aidk3wnxk2e9xbBQTP0plmVgHqsXqGF9OT93vKcIMdE=,Finding all factors of a number from its prime factorization (standard),standard,0,【一般】利用質因數分解找出一個數所有的因數
GogTiwoGv+VkAzLYeC5+qm/zPzJ/9QGAW7+43gzaFyA=,Volume in cubic centimeters: mixed review (basic),basic,0,【基礎】體積：立方公分綜合習題
9sB9W+3x5hEFUN/pFLPakL+0ubNopXBy3NGjYgRPSI4=,Size and volume (basic),basic,0,【基礎】大小與體積
/4h6DuvZuZzr028oR886m6kpiLYuUSmpr9v3ITNTgiY=,Introduction to cubic centimeters (basic),basic,0,【基礎】認識立方公分
rQO212wsw18sbrh/TvMPK6d7BsxqTet330Yxso5NhKk=,Volume of composite solids (basic),basic,0,【基礎】複合形體的體積
sXQotCwOU/fcmIsFMqsFT1+jDrgNl3Eetil55blgp1Y=,Volume in cubic centimeters: mixed review (advanced),advanced,0,【進階】體積：立方公分綜合習題
7TnOWfQ9G1fHRFFRHP2UNZ3SdWfN5I40rfh/K1ZepWc=,Volume in cubic centimeters: mixed review (standard),standard,0,【一般】體積：立方公分綜合習題
+c+5BQh1a2P75VjWgg/aX+j7kru6tteMWrupq+MMQgw=,"Multiplying hours, minutes and seconds (basic)",basic,0,【基礎】時、分、秒的乘法問題
po7dH4OmeU04x3Ji/XOLOur74ArAEobOa+Ras1+UdNM=,"Dividing hours, minutes and seconds (basic)",basic,0,【基礎】時、分、秒的除法問題
NbzNnWabooJ8J/09unhbUwFiH6Jr9Vv3VQwYF8cT2IY=,"Days, hours, minutes and seconds: mixed review (basic)",basic,0,【基礎】日、時、分、秒綜合習題
RqWJRTdyiEJkrfUuO1BNxb3KXHD+idu3CvWpdu9lgHM=,"Introduction to days, hours, minutes and seconds (basic)",basic,0,【基礎】認識日、時、分、秒
H9tE/axZ4DsmCfhZY9auIyxyBeXalwM2dnTvNSkhD+E=,"Converting days, hours, minutes and seconds (basic)",basic,0,【基礎】日、時、分、秒的換算
iWYmMDS9CSVGUTFmETeO+1hSj89Z4w5RGwP5H9Zv3SQ=,Introduction to the 24-hour clock (basic),basic,0,【基礎】認識 24 時制
K4GS8qPmRPsosinHUMiie4K4rcAVcF05OI/bcQqHJdc=,Times before or after: calculations with two units (basic),basic,0,【基礎】之前或之後的時刻：兩個單位的時間計算
bZml5gkJWB1WJFn9WFcAJB4dwFXSFI3h0uK0BwtBHzg=,How much time has passed? (basic),basic,0,【基礎】經過多久的時間？
oNW2oJaLDT1nfBVzmLcalNj1Z3lWGmnvRSEytScLsTs=,Introduction to common years and leap years (basic),basic,0,【基礎】認識平年和閏年
3sOEuxGBKh09ZpcaBhWXk4+LY+clD2Zpu/qTcPUVkVc=,Times before or after: calculations with one unit (basic),basic,0,【基礎】之前或之後的時刻：同單位的時間計算
BCz3hEB0CxBDHs6ebA0dwY/yJI1GRKhXo5MmxjsLONM=,Adding and subtracting time: mixed review (basic),basic,0,【基礎】時間的加減計算綜合習題
lJJFjKGiHUDF22MOGnPT/xBTwl4UiGfkYJkNbbJ3VHk=,Converting time (basic),basic,0,【基礎】時間的換算
daGwNLwnh35rFVqjg4maa1tVsx+wdDt7V9HggGCDZXI=,Adding and subtracting amounts of time (basic),basic,0,【基礎】時間量的加減計算
SVxqhYXrH6SfIgcbLQ9Z+95ZeN14VIMuO/gr6OWgXBU=,Time between two clock times (basic),basic,0,【基礎】兩時刻之間的時間量
gKJglt665bOi+yhFGI4R+H8qLidcbQP+hBH8wGvpE5U=,Time before or after a period: same day (basic),basic,0,【基礎】一段時間之前或之後的時刻：不跨日
iTEZw73MY3n+LoNon1FUuwEW5jHj4CQXGnFo5CaVYEM=,Multiplying and dividing time (basic),basic,0,【基礎】時間的乘除計算
6OqLfhKn7o3dbR9qbbxwkWWiO1BxMW3/iRqMJ3C4TNI=,Dividing days and hours (basic),basic,0,【基礎】日、時的除法問題
GBuuTGwr8n5kkbXa8dQb8tLv+dfcK0gZ9vNcFCjlDJ0=,Multiplying days and hours (basic),basic,0,【基礎】日、時的乘法問題
QlgE9ktDNbyezcCDHWTZkmzRM8/8FOcwEHpwzA+Zib8=,Adding and subtracting time: mixed review (advanced),advanced,0,【進階】時間的加減計算綜合習題
Pno/CGBMlrCkP6v7Qig/GV1dlecJ5lEnZSJ6jZbpmZE=,Multiplying and dividing time (advanced),advanced,0,【進階】時間的乘除計算
dVKfHzCsi1dOBhd343bsUNF4dowsiANnvRBkWqToitg=,Reading a clock (on the hour),,0,看時鐘（整點）
vhz7ZImgcFLciakjMFdmn0S/He85wqQkhLiYXRPpu18=,Basic concepts of time,,0, 時間的基本概念
O/KjGB9rr8dvio3EBiuDvoL1cg/22EZaZV1FxmkURKc=,Dates and days of the week,,0,幾月幾日星期幾
zX5HAUpRYC4F7YPNs5tUeBqVi++rEmPUfsAtHpoZmEQ=,Counting days,,0,數日子
l1rjnoyfJCnZv8AJ4YiaXNG3b/Qrtstg83+T9K4A4pU=,Converting large time units (standard),standard,0,【一般】數字較大的時間單位換算
7cFI976r8aUQRMMibLQL8WwJA2qtycc67CAiCglG1yA=,Time before or after a period: across days (standard),standard,0,【一般】一段時間之前或之後的時刻：跨日
mf5PUtZaZKgrMrWPXCK8shRWejWlf18QjoDp60P8GxA=,"Days, hours, minutes and seconds: mixed review (standard)",standard,0,【一般】日、時、分、秒綜合習題
WloCXEmnD+f/vvG/m5NptiLPqazIZr+l8yqpaTAtMfg=,Adding and subtracting time: mixed review (standard),standard,0,【一般】時間的加減計算綜合習題
PZiMEThYIWDp5LXaqdNHdOfMunTBCS2DXk0x9ctcOzk=,Multiplying and dividing time (standard),standard,0,【一般】時間的乘除計算
Td40Heh6rp61Aa5Pd6cd46sOEZ65dgSfsT9oTDoFl+c=,Word problems multiplying and dividing time 1 (standard),standard,0,【一般】時間乘除的應用題 1
iCI6VPG9JvYhgJi7cBepbWJUtUoFgOO/HrhSwkumLO8=,Word problems multiplying and dividing time 2 (standard),standard,0,【一般】時間乘除的應用題 2
mzSnT1CgsdPVx0yFebyrR837l1a+t4MBMugTwpmRQ7g=,Comparing decimals to tenths 1 (basic),basic,0,【基礎】一位小數的大小比較 1
ViIxd7sl/Dp2C0nC24swu3Cm5o8UkaEMgyMuUp7pq0g=,Basic calculations with rates (basic),basic,0,【基礎】比率的基本計算
VkDMjjCaJsUcJWn56ZVLtKz6ohgWVycmo0nh3ieP7Oo=,Practice calculating percentages (basic),basic,0,【基礎】百分率的計算練習
BKt/X36NfFpI627PMWLYduGX+QjDoMwvH4t3vd7m8Fk=,Decimals to tenths: mixed review (basic),basic,0,【基礎】一位小數綜合習題
4ZORM6aG+AuCdVwSDcuY5CIGomxB+yV7jEQ3c7BV9w4=,Introduction to decimals to tenths (basic),basic,0,【基礎】認識一位小數
WIX8cNygX1SJ0qs+f36JttnScd1lBN+e2c7/KEYlysI=,Place value of decimals to tenths (basic),basic,0,【基礎】一位小數的位值
btutOdU/ny9Ykgd+Tc9xiiMu9JaIcbX/87A/I7MsM2g=,Decimals to tenths and length (basic),basic,0,【基礎】一位小數與長度
HNE+oAEQp1JlBxa/P70tJmhSzwORSx4tR5MrBQl5jsU=,Comparing decimals to tenths 2 (basic),basic,0,【基礎】一位小數的大小比較 2
m05vYiRhzb0tIGStVVCNMqTKMCT4UT7bf0UdiR5d0+4=,Adding decimals to tenths 2 (basic),basic,0,【基礎】一位小數的加法 2
tZf/bEBKSTS+3LVGtBC9SDk0DW861g71Tm+ZVdS2co4=,Subtracting decimals to tenths 2 (basic),basic,0,【基礎】一位小數的減法 2
a3YtCNan74n5yr33mRTziRBk7zjFI9XrLXC0Wtp8kWU=,Decimals to tenths on a number line (basic),basic,0,【基礎】一位小數與數線
hT3lzAgSbDmKyrgoiN9ijCKlXj0jcr8pmOTmiJ5sNw0=,Comparing decimals to tenths on a number line (basic),basic,0,【基礎】一位小數在數線上的大小比較
uL6KHETQYCoqBED2zQuy+zkxtwJwdoa9myALWa6dHRE=,Marking decimals between 0 and 1 on a number line 2 (basic),basic,0,【基礎】在數線上標示 0 與 1 之間的小數 2
OJioXoiZxIzRBhycCjmphl4dI2Dt8J+exC1qFpvek/8=,Decimals to hundredths: mixed review (basic),basic,0,【基礎】二位小數綜合習題
rzWpkZfVptJjhCtmA5xHgJIsAZQKyQ0mwHzaE2K/I9Y=,Introduction to decimals to hundredths (basic),basic,0,【基礎】認識二位小數
OmVUm+97EqL1PSeEy318gszce7gJjIMnEjDMFU9e+qA=,Decimals to hundredths and place value charts (basic),basic,0,【基礎】二位小數與位值表
zFUHHn64b2GorjfAU6+BVy85oSZxzLhsrqGzKB7JwZc=,Adding decimals to hundredths (basic),basic,0,【基礎】二位小數的加法
POe1GpZCs0XAkf8qMngYc903fO7YAI7ijydnbX3l+/U=,Subtracting decimals to hundredths (basic),basic,0,【基礎】二位小數的減法
9lLzmJS+WCb4lxE0gk7bLrUFLMGJusLbizkGGvG52IU=,Comparing decimals to hundredths (basic),basic,0,【基礎】二位小數的大小比較
3FRmd7Ra1OoMuIMLg7kdD6GNoPN0J1tQEzwMpnuopVA=,Multiplying decimals by whole numbers: mixed review (basic),basic,0,【基礎】小數乘以整數綜合習題
evRRGINVvP8D982nKYCUr6xI3QP2Mx+Fvu2ZIrKNajM=,Multiplying tenths by one-digit whole numbers (basic),basic,0,【基礎】一位小數乘以一位整數
+zUL0wWCfsBXNoDj5KsvASLlqd26KU9+nSN1zZ7GsQI=,Multiplying hundredths by one-digit whole numbers (basic),basic,0,【基礎】二位小數乘以一位整數
B8R6Hg4V/F/7VfoeoS3JflqvHVf/8wTTpw3F+5QRK0U=,Multiplying tenths and hundredths by two-digit whole numbers (basic),basic,0,【基礎】一、二位小數乘以二位整數
GwclrRm7k07DFC2KIvqVsFlerQ5flvoi99WUcJsWipQ=,Marking fractions and decimals on a number line (basic),basic,0,【基礎】在數線上標示分數與小數
BrLr9H0NbhhH0E8bcCav8bq+2csWvEraQIgMmNsgvaE=,Multiplying decimals: mixed review (basic),basic,0,【基礎】小數的乘法綜合習題
1MhbCa7PFHspw9qYdDLAld7A/t5TV965ehYwzUUf1ug=,Multiplying whole numbers by tenths (basic),basic,0,【基礎】整數乘以一位小數的計算
KVumCxlGcZIZ8c8xC2wj9/EVY1hSqjb33TZDX0OIaE4=,Multiplying decimals by decimals (basic),basic,0,【基礎】小數乘以小數
jm3AQrDCqr+tJAABNEyhQdSZUH7EWmfIZxEkfBTU9cs=,Applications of dividing whole numbers (basic),basic,0,【基礎】整數除以整數的應用
Btds09v+9HMRx4P6eflC5gPQoNUwxSaOSdqT5SfNzRs=,Dividing decimals by whole numbers 1 (basic),basic,0,【基礎】小數除以整數 1
Al012qyMxPulPF6AG/591Tc4yZpAu7WzF0W1nozqDjE=,Multiplying unit decimals (basic),basic,0,【基礎】單位小數相乘
iifaTxiiTf4efLofMvQKfjMIGBdh4KuZsWv1TYIQd90=,"Multiplying decimals by 0.1, 0.01 and 0.001 (basic)",basic,0,【基礎】小數乘以 0.1、0.01 以及 0.001
z9WEaz3dU4bh7FPuKdAt6UrOgqpVnwWFrb/AL4dkKJs=,Adding and subtracting multi-digit decimals: mixed review (basic),basic,0,【基礎】多位小數的加減綜合習題
fuX7RkEntlLtpkaxdMcV4FEBp/WuIaHudOHBjIQN/p0=,Multi-digit decimals (basic),basic,0,【基礎】多位小數
pHxumVVyXnSVT3+BWEh9DrffUG1ETbtem3Ea1tiDmt4=,Comparing multi-digit decimals (basic),basic,0,【基礎】多位小數的比較
/dE70lhbWnFlB1v+ZQBYpQu2XDmodq4HYiBDGZRw3+o=,Adding multi-digit decimals (basic),basic,0,【基礎】多位小數的加法
x0Zcc+adPkTZK1q07Cmus67A43gQ4+u6simGbY7U40I=,Subtracting multi-digit decimals (basic),basic,0,【基礎】多位小數的減法
ZJ92WK8KhstnwtpIXZzFwFo9tWV1FxW9wGbwBT+JaMk=,Dividing whole numbers and decimals by whole numbers: mixed review (basic),basic,0,【基礎】整數、小數除以整數綜合習題
6oV4EEiXnfv1cY4pXBitHQAXanttlx5+Tin1nYM4AWI=,Converting decimals to fractions (basic),basic,0,【基礎】小數轉換成分數
HQovuDJjeLKXHO9abi0E4pR8SAROYKEviztcwbbZxTA=,Comparing fractions and decimals (basic),basic,0,【基礎】分數和小數的比大小
b/krXJBZm0PjanxrV1ad3wJ+cirOA0/+gywkvvJRQ9U=,Rounding decimals (basic),basic,0,【基礎】小數的四捨五入
KI8O4kRTA9hmOK449IXRIVsj/XvtODOvymAcDaT90dI=,Converting fractions to decimals (basic),basic,0,【基礎】分數轉換成小數
GOpS2Uap4gYwMnk0Li7V7U2S7wDYXRE3XijTxTdngsk=,Dividing decimals: mixed review (basic),basic,0,【基礎】小數的除法綜合習題
dLeQgciAmkIfymykUY3PBW2cDqWQVx64R7tMT+FpJP0=,Dividing decimals by decimals (basic),basic,0,【基礎】小數除以小數
xuhHPeIus65MVkMtd4itXccIpTh/I1+lXwsxGgvVDHg=,Decimal division with remainders (basic),basic,0,【基礎】小數除法 (有餘數)
bUte1ZRGCV1S/2YX8o4VgvRd3uaJ383rAiQfhpHmtos=,Basic applications of decimal division (basic),basic,0,【基礎】小數除法的基本應用
1iha+v5exIXrmb2ARHQmmJwmljMj98PxQ1Io7y+rq84=,"Relationship between dividend, divisor and quotient (basic)",basic,0,【基礎】被除數、除數和商的關係
ceoIhM1kD63Q6PhxJlFTGX+RwSnXuJ3WTOTYhESoQ1k=,Estimation: mixed review (basic),basic,0,【基礎】估算綜合習題
mGErDb7klind1UmQITMFJDTDg1J+fQPigCXo35M5VOY=,Estimating products of whole numbers (basic),basic,0,【基礎】整數的乘法估算
Uq0Jd5CXS1nkLOvMSauJ2/DL+7ZrSiFIXAs+Y0LWrjA=,Estimating quotients of whole numbers (basic),basic,0,【基礎】整數的除法估算
OCtZCw4vxbL9tULywAqVeistrWqbKBWqJ2ldN66om0U=,Estimating sums and differences of decimals (basic),basic,0,【基礎】小數的加、減估算
v1Oz7FC54hKUCiGnoQwiclh4/CkfCbxtwHTKE7EJVqw=,Estimating products and quotients of decimals (basic),basic,0,【基礎】小數的乘、除法估算
r+zxAQRiz0ZWhEixJ4ZiWlG2jDpl2qTa2mJ5ZnrVXA8=,Rates and their applications: mixed review (basic),basic,0,【基礎】比率與應用綜合習題
z5YJ7GOEyGfxENlfIjBKbMbTzhp3V5TS6Zp62Y/PKPc=,Finding quantities from rates (basic),basic,0,【基礎】利用比率求出數量
byiS/4MopQNKQw1o5SVSsCfg28hMqNPubipGt4A19bo=,"Converting between percentages, fractions and decimals (basic)",basic,0,【基礎】百分率與分數、小數的互換
402dNPbx+4GTuJz3zqGawb4Vh7B9jYsME8+b/b01PwY=,Calculating discounts (basic),basic,0,【基礎】打折的計算
kaswy5Iwfp5d3/3ST/V5AU2yqxKhaFF+OP11w7VeMK4=,Solving problems using the fact that all parts add up to 1 (basic),basic,0,【基礎】利用全部的比例是 1 來解題
XGFZ7IrZsoBhRl8og2T59raf/eHUTP3NRcwHW+GLxmQ=,Finding quantities from percentages (basic),basic,0,【基礎】經由百分率求出數量
xaWHtJt0hf186kbfofLHHt94c0qSZE3L7nvrmIAexws=,Converting percentages to fractions (basic),basic,0,【基礎】將百分率化成分數
oZX4t0FNoXmrwFyk77fGdpfqmvX+3PIIn7CYXH/6CY0=,Converting decimals and fractions to percentages (basic),basic,0,【基礎】將小數、分數化成百分率
fS8PvECka4NC8sJQey0IIfKeZ2dwZQsrj2/lhKun3tE=,Percentage increase and decrease (basic),basic,0,【基礎】漲價、減少的百分率
hM/DzgBix1bzNDgmr/jYhmedDNVA5asQwkdEK+kkGhM=,Decimals to tenths: mixed review (advanced),advanced,0,【進階】一位小數綜合習題
BFN7V9RhPTIHj+hfM4kCpiFoNMu4vJs73h071w1MYXw=,Addition and subtraction expressions with decimals to tenths (advanced),advanced,0,【進階】一位小數的加減併式
oYKp7Fq1ukhFHHrs/iNZHU4cV3PMvwqg0wFiSqvJ8jg=,Decimals to hundredths: mixed review (advanced),advanced,0,【進階】二位小數綜合習題
vIpEeG17kmCO+OLv8EEBw6fjOiDUaH2trdZZzM7XD3o=,Multiplying decimals by whole numbers: mixed review (advanced),advanced,0,【進階】小數乘以整數綜合習題
L+pBxoDmfvJzX698b7RhtpKO1uhwzPak3xnbSyJzECo=,Decimals to hundredths on a number line (advanced),advanced,0,【進階】數線上的二位小數
C2mLl3LPA63WewP1k+Xh1aXlNuGWnhIOUKANkoz5sA8=,Adding and subtracting decimals to hundredths on a number line (advanced),advanced,0,【進階】在數線上做二位小數的加減
tN8SpZieIVVCovn2b6LL/lY1ljwmZRYbAR3J6V6ScWs=,Multiplying decimals: mixed review (advanced),advanced,0,【進階】小數的乘法綜合習題
lPKM8YFzXEcDQuekpp3DK5DdL1KlQ2T0z5lDPWaESgw=,Solving problems with decimal multiplication (advanced),advanced,0,【進階】運用小數乘法解題
qFkV0za7uPY3RmryLxsEk7Ein+05CaxcU9fXymqOGxk=,Adding and subtracting multi-digit decimals: mixed review (advanced),advanced,0,【進階】多位小數的加減綜合習題
AY0mOAFvi9VmstXOvox56zDaP9fa9bTwKm2mjraTSpM=,Multiplying multi-digit decimals by whole numbers 2 (advanced),advanced,0,【進階】多位小數乘以整數 2
BG5tyd78Q/W+eQU5e5tUTKS14+tiZ6//Zftq7fxiLYE=,Dividing whole numbers and decimals by whole numbers: mixed review (advanced),advanced,0,【進階】整數、小數除以整數綜合習題
0k/ZE9Ku+2Enji5zKQZ5mrfr9r+Noh1CS9kH0GKGf0Q=,Dividing decimals: mixed review (advanced),advanced,0,【進階】小數的除法綜合習題
UyK3WAcVbatfJU5yTyBAdSFG/eXv67JhWvL3rRZGCvs=,Estimation: mixed review (advanced),advanced,0,【進階】估算綜合習題
4MP++M0mzDth2XpfseRILPjwOXOAk+Z2oAquU+nEEYE=,Rates and their applications: mixed review (advanced),advanced,0,【進階】比率與應用綜合習題
p+V3ts2UBQGzYvv9/LDQ9GAAN0r830ex3/6G7l5Drtg=,Adding and subtracting rates (worked example),worked example,0,【例題】比率的加減計算
QlU/0uOUSWj8W8vTMUywLl+Uev53aISqtS8jMi2JnDE=,Decimals to tenths: mixed review (standard),standard,0,【一般】一位小數綜合習題
wFY4DytAuE9Kk58ZsRBfWoMUwJakEQKKm7fjCwSK+mA=,Applications of adding and subtracting decimals to tenths (standard),standard,0,【一般】一位小數的加減應用
FJzw+tZX1ifB8bWZsiI1O/zF5LjsyzzAKwvBigQ10uY=,Decimals to hundredths: mixed review (standard),standard,0,【一般】二位小數綜合習題
fdLm1viqYUbXjdbyioDM4zseCsyOlX3y5HIHd8fPJXM=,Applications of adding and subtracting decimals to hundredths (standard),standard,0,【一般】二位小數的加減應用
P7ylAtyaUeaapiNAor3BY5fi3JH6Swz5Azu48jtbZps=,Decimals and length (standard),standard,0,【一般】小數與長度
Hx+/niNKmgHzv36efZiF8Q0C6Sfb5oZ9OfeTsH46vkQ=,Multiplying decimals by whole numbers: mixed review (standard),standard,0,【一般】小數乘以整數綜合習題
aAZFwEYHULAK1AbQLXDXQjqU9JfJoEu1QZ5bv/EYlVs=,Applications of decimal multiplication (standard),standard,0,【一般】小數乘法的應用
2CExVv5jxzlmXb7zEgSlHP1/7BPhBG5eJ83q7zmPOkc=,Multiplying decimals: mixed review (standard),standard,0,【一般】小數的乘法綜合習題
rND+3bhmprW4wpS3cauOBkPcR2VbI2H7RpDMRUVHcCU=,Multiplying multi-digit decimals by whole numbers 1 (standard),standard,0,【一般】多位小數乘以整數 1
Im/O8JQfe6IGtnRmK02yN+R2E4DemgQCHqP/RZ6yXTU=,Relationship between factors and product (standard),standard,0,【一般】被乘數、乘數和積的關係
PwTmz5OGXktdjZBR5o3T6W/9xOtuu2dJeIwi/xwom1s=,Multiplying three or more numbers (standard),standard,0,【一般】三個以上的數相乘
9f1FmaQfbOo76nn6Dbh5CDn3qfIP8JDD3YqD4/LnOPc=,Adding and subtracting multi-digit decimals: mixed review (standard),standard,0,【一般】多位小數的加減綜合習題
9DvpqliuikAji14RPwHUjWDnOLbbWTLxJ9jsXn20c14=,Adding and subtracting multi-digit decimals (standard),standard,0,【一般】多位小數的加減
YRZkayzEaq6umqAo3NH1MiLW1oqHFPHDmlEIrn/EWb0=,Marking decimals on a number line (standard),standard,0,【一般】在數線上標示小數
mFkhx+OuLeG7T+2eWVBNjiY7HoTkp4O2/nAXxxunQAs=,Dividing whole numbers and decimals by whole numbers: mixed review (standard),standard,0,【一般】整數、小數除以整數綜合習題
1WFEjeVRD0MW325Ssif9QSV+oEAMGUQfXzuBVtjPSto=,Dividing decimals: mixed review (standard),standard,0,【一般】小數的除法綜合習題
Vn2WlxhITzyDS52K3WRs5UvCCc0HanXrRlJpqfT6QwQ=,Converting between metric and Taiwanese units of weight (standard),standard,0,【一般】公制與台制的重量單位換算
W77JRmtNTVD+rfntgQ/ysIvIOujqt1Pn7VCHzntIaNM=,Applications of decimal division (standard),standard,0,【一般】小數除法的應用
kBDWVopBTf1uxLDC3CrtmEvqBhzA5QU7MWkqP8yKrOo=,Converting between metric and Taiwanese units of length (standard),standard,0,【一般】公制與台制的長度單位換算
+Lgj0Me9/8gtiruGKq8KxemAD15kU4yCfb6nteNDWjw=,Estimation: mixed review (standard),standard,0,【一般】估算綜合習題
Ii5Cz6tdyODxCCa3TBksmL6H1pZRzQQ8oFfvyTRO+pA=,Rates and their applications: mixed review (standard),standard,0,【一般】比率與應用綜合習題
1832ZH2Snk3B6ztlqJVE6Ias3IiPSH5gGZBuYAy7SvI=,"Calculating price increases, markups and interest (standard)",standard,0,【一般】漲價、加成、利息的計算
mt2EzJAE8X1OCXSqE0GMxBB8NsLY8xtig4aYFKSmrhQ=,Millimeters: mixed review (basic),basic,0,【基礎】毫米綜合習題
hXLFyKcgM/LJH6GBAg7frMZ28ciYsmqvCYcIYJySago=,Introduction to millimeters (basic),basic,0,【基礎】認識毫米
PvpLwkJhsaSFDgYgP2BUVWxNx+0ur7BufMi+rTxJHYM=,Converting and comparing centimeters and millimeters (basic),basic,0,【基礎】公分、毫米的換算與比較
3cg9wquB/Sf1whKNOekAQ/XUQcTUeXeW01l06R+BbNE=,Converting and comparing meters and millimeters (basic),basic,0,【基礎】公尺、毫米的換算與比較
EKYLxMLTcn5kWVoGOsh3zHLI31GB3V/xZq1IjjqFPNk=,Adding centimeters and millimeters (basic),basic,0,【基礎】公分、毫米的加法
GIVcQl5Ns4y4M7bPjsFFJ8jr99ZIxBwMp3iV5FwbEaY=,Subtracting centimeters and millimeters (basic),basic,0,【基礎】公分、毫米的減法
z5n5ogbXXcooPCsEo2WcBzoYN1ydqrEI+EKnzZxmIP4=,Applications of length 2 (basic),basic,0,【基礎】長度的應用 2
2VeOUPWzSmpJ7IWdbWoWzpPR2MszJab/rDr+jN04w1E=,Applications of length 1 (basic),basic,0,【基礎】長度的應用 1
gSDtDzDGj+MoqbXAwGHHzEBublk819NIIfipz6BUSYU=,Kilometers: mixed review (basic),basic,0,【基礎】公里綜合習題
6oBJy9a+mLrulaDRintC7IOXA5h6oXL7oGZCUuH34Ag=,Introduction to kilometers (basic),basic,0,【基礎】認識公里
qNy9Nb6Srhtd8sHME31WQothbe0qdQQ7I4xK9F+2Ns0=,"Converting and comparing kilometers, meters and centimeters (basic)",basic,0,【基礎】公里、公尺和公分的換算及大小比較
6V/YprobwdkqXU9Ck03rPhYYe4Q9XY9WSpxp86SfMV4=,Applications of kilometers (basic),basic,0,【基礎】公里的應用
IjjEW09De8UieuEGOrK9rwUBobUbJgcphwsteZNFJcA=,Calculations with two units: mixed review (basic),basic,0,【基礎】兩個單位的計算綜合習題
raMY2KsWUz4cVl+qdETMESK2+5AfHY2XD1XwN7GugPI=,Adding and subtracting kilometers and meters (basic),basic,0,【基礎】公里和公尺的加減計算
201731Orvb+GcD3eI5Vi/mlUY7NGyHhegN0onY6aa1Y=,Multiplying and dividing kilometers and meters (basic),basic,0,【基礎】公里和公尺的乘除計算
M8Lfw5taHmpTdDkfSEoNpd9/xmXC2wRXO6O0Bs4qOIw=,Adding and subtracting liters and milliliters (basic),basic,0,【基礎】公升和毫升的加減計算
V00R/cPz9t+/NMeNSgfvISuDZkhuHZZh3/hADlbJmW4=,Multiplying and dividing liters and milliliters (basic),basic,0,【基礎】公升和毫升的乘除計算
WkBETrljVP4CWMKsouy8P5j94DMpD1mdMxCCZ7ftnN0=,Adding and subtracting kilograms and grams (basic),basic,0,【基礎】公斤和公克的加減計算
Is6C9Z4P5w/BKBc3H9gl2cC0EFpEQD5dKLQomh0Wv1w=,Multiplying and dividing kilograms and grams (basic),basic,0,【基礎】公斤和公克的乘除計算
DgH+MRxk5YRf7Ngdo7+R+ibJY9IgkZ3LRX4c/KJ+JV0=,Adding and subtracting meters and centimeters (basic),basic,0,【基礎】公尺和公分的加減計算
0zOX/8KkAItZEgHsWUWF2Ac2jsFVbT6TWnAuugSAteU=,Millimeters: mixed review (advanced),advanced,0,【進階】毫米綜合習題
Ctr+7eXOp1moXyVJDfXHxeK+VijAj+QGQf3KN4+waNA=,Kilometers: mixed review (advanced),advanced,0,【進階】公里綜合習題
BcsnYUEwbuR5tS+BMG9YOQPDladPhc1gCufYlv/PNr0=,Calculations with two units: mixed review (advanced),advanced,0,【進階】兩個單位的計算綜合習題
6i0db08vxp78rqzmscqC0FXbeJxoms6cn5I6cKthu3Q=,Millimeters: mixed review (standard),standard,0,【一般】毫米綜合習題
EaT2e1/r54WlF1GML+FRf3XenFqIfSU1u2hdakvUJVg=,Kilometers: mixed review (standard),standard,0,【一般】公里綜合習題
Y1TLugWpKI2hhakWAmmKYPUh8jdVGnOpm/XMQLKx1Kg=,Applications of kilometers (standard),standard,0,【一般】公里的應用
V2RVC5jgSEbmKRDBgXNFrA6t5vqFslxPIkcmjHuVXYY=,Calculations with two units: mixed review (standard),standard,0,【一般】兩個單位的計算綜合習題
TvBq4rNq8Bfuxgn+XZqr6qR9rSetLyfNd6vwdxaOk28=,"Crossing tens, hundreds and thousands (basic)",basic,0,【基礎】過十、過百和過千
SoyS9lUIh/q7oCg6XQeMqOtoiMT+GZVjes485aXEbKU=,Reading and writing large numbers 2 (basic),basic,0,【基礎】大數的讀寫 2
oWKS08nkkpc5pzxpe0m0RJpXpA6GEKJ/ESJvXoAj8C4=,Base-ten structure of numbers 2 (basic),basic,0,【基礎】數的十進位結構 2
eRdS2Lfw8wCLAeMb0UNbMsFEJ7BUXHLFDmkwPctkCOM=,Rounding 2 (basic),basic,0,【基礎】四捨五入法 2
BrTqq0RU5pT0MuL93VJfFGwV8IhRCgcWmdz0Qfp0i+Y=,Moving the decimal point: multiplying by 10 and 100 (basic),basic,0,【基礎】小數點的移位：乘以 10 和乘以 100
4wPA+igxcnoZXHzbK57bUr7kHKW3/0BlBZX/AhhSkEk=,Base-ten system for whole numbers (basic),basic,0,【基礎】整數的十進位系統
FRnM1V06dIJJUcNhs6gQ74GXbm2KQ2J2MvCv8TmPQ6Y=,Reading and writing whole numbers (basic),basic,0,【基礎】整數的讀寫
2kgk70NSoRSIZJVWHH0hyeuD652kJYAa28NJwx1qjlQ=,Base-ten system for decimals (basic),basic,0,【基礎】小數的十進位系統
E8el1KULXDYfznMNQWPhOukFnqhiZit6gIGI/u9Kupg=,Reading and writing decimals (basic),basic,0,【基礎】小數的讀寫
/7bwpUc6iDiE/m0Qj8CJo8qYMkAC51PHzIxTMmkE0nA=,Composing and decomposing whole numbers (basic),basic,0,【基礎】整數的分與合
2PPwwz9vQmrE8GQ+lOjBHWuVjLZlH2HIdJ2i2IuDmmc=,Composing and decomposing decimals (basic),basic,0,【基礎】小數的分與合
xCOPGQ151m467iuNwHOaIi4ZTipNvQ4/0wB+zcxGjLQ=,Multiplying large numbers (basic),basic,0,【基礎】大數的乘法
VXrPlBOiCgJ5r2VB+WDJn4TuHK2oRH9ffhgulsCm+Dw=,Dividing large numbers (basic),basic,0,【基礎】大數的除法
fQhyLDlrnXbdAwvY10TcCRGj/lBUTeJdB3hXeJPOUVg=,Moving the decimal point: dividing by 10 and 100 (basic),basic,0,【基礎】小數點的移位：除以 10 和除以 100
Q/taLV1XMrDmLpqWe+wVqvUU/JenxdWwwA8am9xppWU=,Approximate numbers: mixed review (basic),basic,0,【基礎】概數綜合習題
04Ly7oQJHeLBj2GcKWLn7e51TJmF5MTSvPESVomvUM4=,Approximate numbers in everyday life (basic),basic,0,【基礎】生活中的概數
D9HHanexVehrjyeBGS1P8EJ90naPdALsOcCou88jhx4=,Rounding down (basic),basic,0,【基礎】無條件捨去
xA22xgunLQJJCnGh3+dhU07Djjbd3AufwqqhUQaTNFo=,Rounding up (basic),basic,0,【基礎】無條件進入
51yeHVqlt292oD7kSlyIajwHuUui7mT8PnYSMxUExjs=,Rounding 1 (basic),basic,0,【基礎】四捨五入法 1
O4+yF1QVhTb7fUbQdI18S9zwfASI9wJ0mHVIPa6h3sw=,Applications of approximate numbers (basic),basic,0,【基礎】概數的應用
CPI+5YCeEmhqdk6znJeii6jJUNl1QWGEvwCUJ6uLflg=,Counting by one-to-one correspondence (basic),basic,0,【基礎】一對一對應數數
hv7kHCAIdj7thZUmlqz553leG5bFNYgzXmLfB5m4Xvw=,Ordinal position (basic),basic,0,【基礎】第幾個
TwyqyV1uJYlDAX8wX/PtTCVZEBo/APIVfTzzleGkNCQ=,Six items versus the sixth item (basic),basic,0,【基礎】6 個和第 6 個
T7V7D8OgJF2BeuK/agj56BY9ibTmoqRbGdtwrt8a1SQ=,Comparing numbers up to 10 (basic),basic,0,【基礎】10 以內的大小比較
PqQyQvOjvvozBCtlR/0pL8uxhe0K63IPiKYCi1tDG1o=,Numbers from 11 to 20 (basic),basic,0,【基礎】11 到 20 的數
svTmVFY7kPYUWAdDc4l5Zaim90TY7RGkFLs/eaU4FVc=,Counting by tens (basic),basic,0,【基礎】十個一數
OVGQBBcCHSOyJ89uwY+z15n2iuZYrv8Tajf37jiGzqc=,Tens and ones (1) (basic),basic,0,【基礎】幾個十幾個一(1)
lvobiTtwUsd1ylmrciW7NzJnmmcqFC1J9PmoZ6R8xK0=,Tens and ones (2) (basic),basic,0,【基礎】幾個十幾個一(2)
dp0m1kS6Bygoksx9S/gkBqTcWPoglbf1HT3Ma3U3N8U=,Order of numbers up to 100 (basic),basic,0,【基礎】數的順序_100 以內
w3a6Wk12CqIrUktZei2Z0W3Rf8xdgEdjIW9QX0MWIf8=,Counting by twos and fives (basic),basic,0,【基礎】2 個一數，5 個一數
jImuGvSym6odgRoYw7vgkq4HUbmJ1tDW9fq6bo/yN5s=,Counting money (basic),basic,0,【基礎】數錢
ZilXWSbduOENN7B3A3JpDKyx61nNdU+D7av0CVJeIL0=,Number lines with whole numbers: mixed review (basic),basic,0,【基礎】整數數線綜合習題
cvnGl+iUiKphfjbPcE0G7/HRE/Q51L3w0x0WhVLy1cs=,Counting on a number line (basic),basic,0,【基礎】在數線上數數
kWC7tp+Ms6zrg+kHdqOvEhUdKpT4PZOSEDZvFE9v2sE=,Counting intervals 2 (basic),basic,0,【基礎】數間隔 2
mN1tllkKVTTojQYca9a9pFVaS70PFjtGTTiXHZVFwRg=,Adding and subtracting on a number line (basic),basic,0,【基礎】在數線上做加減
V+g9Veh447rxTQ4761Lvccc9KGxXM6jr5uQP8TTpYBA=,"Numbers up to 10,000: mixed review (basic)",basic,0,【基礎】10000 以內的數綜合習題
XO9+ucYiWTUi8SwVantzYmJrR1nuQBhpI0dy9yPYNrU=,Recognizing and exchanging coins (basic),basic,0,【基礎】錢幣的認識與兌換
T+rWMKiJgE6rmRdVUFc0WOeDY0RVPhl0EYU/hS4dlSc=,Comparing numbers and applications (basic),basic,0,【基礎】數的大小比較和應用
jvSzlPLRjqqstMszjfw2Y1+0IOmVTo8P8l/rpJzPgNU=,"Thousands, hundreds, tens and ones 1 (basic)",basic,0,【基礎】幾千幾百幾十幾 1
hWfAiJgEzK9NSh1jxPBGRiCGV+lYwQ/qoXFxJbFyoWM=,How many thousands? (basic),basic,0,【基礎】幾個千？
aQys6A/5FjGwd7dQ0KQ4h/5zmPrM7lbkwj2ZkuhMepo=,"Thousands, hundreds, tens and ones 2 (basic)",basic,0,【基礎】幾千幾百幾十幾 2
0o4JbsG6rcRJSeQKtJ2tAUo1PL+wlyvYlEr/nB4zkOo=,"Adding and subtracting up to 10,000: mixed review (basic)",basic,0,【基礎】10000 以內的加減綜合習題
KvhsJhsUPgRAkELozyZg5wm6g/5PWhrs7XkXvqja6R8=,Adding three-digit numbers: carrying (basic),basic,0,【基礎】三位數的加法：進位
PbVYI1CRNaSeyeEyzq2xT68tf/hq17mof2B8FYiM+io=,"Addition up to 10,000 (basic)",basic,0,【基礎】10000 以內的加法
gpzB0k8E8rfNWqMLhPK2MTqX0O3neWD2M7U3NuU1SJ8=,Subtraction with borrowing twice (basic),basic,0,【基礎】二次退位的減法
Sz/KKL9ywpxyPJ7heAWEqkt/tf/nbDP5b4f1m7EbBVk=,Subtraction with repeated borrowing (basic),basic,0,【基礎】多次退位的減法
L3ZeqTupA6ZuETrW3aXaw86JZGYl1uRF5LkZGKDhois=,Addition and subtraction expressions and estimation: mixed review (basic),basic,0,【基礎】加減併式與估算綜合習題
AvVjpkv6dhnbfTduLjLGr3yAy+u/yrG3tRyFD0dnplI=,Adding and subtracting three numbers (basic),basic,0,【基礎】三個數的加減計算
UvC6kSISYOndybh30jYllToowJOirq81gPZsMmHnsNo=,Repeated addition expressions (basic),basic,0,【基礎】連加併式
finh11g4fr3tjeY0F7m5HvkDtQGrF8e5Q6ZNMX1YLo4=,Repeated subtraction expressions (basic),basic,0,【基礎】連減併式
vVpSKAMQbTMvtdERR0ksOeRmmaFt0R210t4Z//0RpPA=,Mixed addition and subtraction expressions (basic),basic,0,【基礎】加減混合併式
Fwdh4gilz6J+a7i4zJMgpSHaln8cmbwVkMg5DeeW+8o=,Estimating sums (basic),basic,0,【基礎】加法估算
WW5taWjwvqMRopp4FSxyhhnCJvKHzed+c3PuWh5gifI=,Estimating differences (basic),basic,0,【基礎】減法估算
dU4LbugoGp4U2bvHZqTvZ0EcB6yr4pC96uqyprkEapY=,Vertical multiplication: mixed review (basic),basic,0,【基礎】乘法的直式計算綜合習題
Xt9R4E9f2za5+yOINEKCRJbnm/ML+pyrsUJb6rs1XTk=,Multiplying by tens and hundreds (basic),basic,0,【基礎】十、百的乘法
tTmVu9rH4l3d4gYHn961kutPiXDAPkhWRCWp1GWCwUc=,Multiplication without carrying (basic),basic,0,【基礎】不進位乘法
uwwPPNlPpZxnUbH8c1xmKAUIM1j1izVyGwNcFRDhpGo=,Multiplication with carrying (basic),basic,0,【基礎】進位乘法
wfMjYGAyGx53y31nrto5i3wNTb3XBzevOPyNMNAwplA=,Introduction to division: mixed review (basic),basic,0,【基礎】認識除法綜合習題
c7CnB6hlM9deJD6GjunUMpgXQlPcGIKfVuzCTGSGiQ0=,Introduction to division sentences (basic),basic,0,【基礎】認識除法算式
iPMbi8I6lhB14oTgTNaTq8Fg7KeXWxFb5P1reKC9UXA=,"Division and multiples: solving with ""times as many"" (basic)",basic,0,【基礎】除法和倍數：利用幾倍來解題
bSU4MMcM8YSzI9yAlKY0lW+EtDZDkSak/+wCG1Ncz4I=,Division and multiples: length and capacity applications (basic),basic,0,【基礎】除法和倍數：長度、容量的應用
Fc5XlXIANxkaDJS1pCHnp6bBBBrzfplmaPJWEhyHdh0=,Division with remainders (basic),basic,0,【基礎】有餘數的除法算式
eeZVLiOU7OQMzmiBBpfdNeiopHtz9V4xk1B4/c7f4ok=,Long division and exact division (basic),basic,0,【基礎】除法直式計算與整除
hcs3eyiRWQEO5Wybd6BiQ6pRx7ervvVydr76Z320vPI=,Odd and even numbers (basic),basic,0,【基礎】奇數與偶數
HZe7qpPO4/WVhGuUwG7X8OhFgaJ0n4RPiM8TGcfu2jw=,Dividing by one-digit numbers: mixed review (basic),basic,0,【基礎】除以一位數綜合習題
o1lc2Mdlj6h+qx5O9IDt1qELkyQ3pKHvHsS6bojkdW4=,Two-digit quotients with remainders 1 (basic),basic,0,【基礎】商是二位數且有餘數 1
3bi3IlXJCmGsHjjhLFlge9KQogLgE0Jf8uEEclJdq84=,Two-digit quotients with remainders 2 (basic),basic,0,【基礎】商是二位數且有餘數 2
4h8h7HJckqx804hyKFBQcjS2w4U2iK5KAgIjUD62vJk=,Three-digit by one-digit division: hundreds digit a multiple of the divisor (basic),basic,0,【基礎】三位數除以一位數-被除數的百位數是除數的倍數
ayCRiWa4X48etGB2T5tDIRCcIozUEOmIWHNctm20hns=,Three-digit by one-digit division: three-digit quotient (basic),basic,0,【基礎】三位數除以一位數-商是三位數
90InnhzKdtZM0H2+oxk5FJn/2H0Ms1RmMgi1UjxE9FI=,Three-digit by one-digit division: two-digit quotient (basic),basic,0,【基礎】三位數除以一位數-商是二位數
OqlJtwFg1Ekkrx2SQ894pDPGH28c7bfHfJsLy16Y8QI=,Two-digit quotients without remainders (basic),basic,0,【基礎】商是二位數且整除
wNKSSVuLJ6b8OHoVpp8bN/+2S105KC7nrt9SHIBqNSk=,"Multiplication: multiples and multiples of tens and hundreds, mixed review (basic)",basic,0,【基礎】乘法：倍數與整十、整百倍綜合習題
1Zu6puXXArXORLxfMsN+B1XQm4lb2shHuMZAcokqmWw=,Multiplication and multiples (basic),basic,0,【基礎】乘法與倍數
1rYu966l6i1cA34mdxukVKusuaDPMwcW6a6WCWe5ZFo=,Multiplying one-digit numbers by tens and hundreds (basic),basic,0,【基礎】一位數的整十、整百倍
Iivwb5nkQMEAcelv+J6uucjr4biBoKM554pqeUoGhs4=,Multiplying tens by tens (basic),basic,0,【基礎】整十的整十倍
ijROzdzfwoCAQ7dUtgyeqG2vgtGgvKQWu/6tpajqTSE=,Numbers up to 100 million: mixed review (basic),basic,0,【基礎】一億以內的數綜合習題
fO1unC+JwTokAOIH14ps0gxCtaiEW5C6RtdsHir5PQM=,"Order of numbers up to 100,000 (basic)",basic,0,【基礎】十萬以內數的順序
4nAkvbt0uRJybF6KnVxXm2BOHbmsyDH76Yk/noX63o4=,"Addition practice up to 100,000 (basic)",basic,0,【基礎】十萬以內的加法練習
IxasEWID5fnM7sM/cwJQXizkkLLKkLjqUftm4hy6264=,"Applications of addition and subtraction up to 100,000 (basic)",basic,0,【基礎】十萬以內的加減應用
Iq4bn747ApUwO7SvDR8vvfjBWGvDxAyBTsce0dN3Q1w=,"Numbers up to 100,000 (basic)",basic,0,【基礎】十萬以內的數
s50m57r2jUJxOLDuXF77hZ35UjzqvVkzPKEWj9xqzxI=,Reading and writing numbers up to 10 million (basic),basic,0,【基礎】讀寫一千萬以內的數
ti7iE7Irnu/h0/BjiZZTK6MopfvXpnfJOccIVSxyA0I=,Introduction to numbers up to 100 million (basic),basic,0,【基礎】認識一億以內的數
qPHR8aBqOhKij9IS/Y8IR8prwWruoDBGU1tVUhXDJkE=,Adding and subtracting large numbers (basic),basic,0,【基礎】大數的加減
GF75cBxmQVNyy22Jr1Y+46Uk1eSmfjPm+W+v6nLnqBk=,"Subtraction practice up to 100,000 (basic)",basic,0,【基礎】十萬以內的減法練習
6nAU6ttRQrsVGHzwzudkjimJcBMWWqstLo4WIY+3API=,"Comparing numbers up to 100,000 1 (basic)",basic,0,【基礎】十萬以內的數的大小比較 1
SM7B2SxOLiOmbjVKes5evyxllrNCQTFzEKpHtl117BI=,Multiplying whole numbers: mixed review (basic),basic,0,【基礎】整數的乘法綜合習題
T4SwgJk2xgBpvWW0/NYmhl9u5jm63dwg1Q39k1pLrWw=,One- and two-digit by three-digit multiplication (basic),basic,0,【基礎】一、二位數乘以三位數
KpJfQutqPUoUbwWZ5oNFKeVhvKqXZcqL69vsPEHg9jY=,Four-digit by one-digit multiplication 2 (basic),basic,0,【基礎】四位數乘以一位數 2
SJ3oFp7EryIlYanhtkVHYkcAHmEcCaQdGR6MmCR0mzs=,One- and two-digit by two-digit multiplication (basic),basic,0,【基礎】一、二位數乘以二位數
j2uSJf7xN0mQaRzYSSw2m4wLtSoEwxf4iDdQ9Vc/uMo=,Three-digit by two-digit multiplication (basic),basic,0,【基礎】三位數乘以二位數
RySWVPM4vpcQHdMukD+i/MhP3/lK4Vwj5TAl48A6LKk=,Dividing whole numbers: mixed review (basic),basic,0,【基礎】整數的除法綜合習題
NLhQTo2U/eLlj+b97VT0UnW05Kshl68Axud4WJDoqwY=,Four-digit by one-digit division: four-digit quotient (basic),basic,0,【基礎】四位數除以一位數：商為四位數
Olr8azZ7638vOtR5V+KNF9jlhraDLCahnsxqV67PZ0c=,Four-digit by one-digit division: three-digit quotient (basic),basic,0,【基礎】四位數除以一位數：商為三位數
Yn2HRzsEDaARisznJY9n3wALZ45h7G/l8o4AhZT613I=,Three-digit by two-digit division (basic),basic,0,【基礎】三位數除以二位數
k6o2d0xz4rByHpI/HCNDEzH7t4ljNEj+6pzh7K20XGo=,Numbers over 100 million: mixed review (basic),basic,0,【基礎】一億以上的數綜合習題
Q0mRkMzFoFAkNaLsyPYFJoBmC4JdqV9riasp/YCRf/M=,Numbers in units of hundred millions and trillions (basic),basic,0,【基礎】以億、兆為單位的數
dGA1T79oC75XYzF8EiB4E1U7CLpCVSbLgAFnglV2nBE=,Reading and writing large numbers 1 (basic),basic,0,【基礎】大數的讀寫 1
iAFFh5WxTvC6zEJUtsSsegEoTFnYeh2RUigKn9BT1Gk=,Base-ten structure of numbers 3 (basic),basic,0,【基礎】數的十進位結構 3
uOKltJJ7Lmvu4E6v/qzI3+SAr0/iWghlCX+3ZhwE1+Y=,Comparing large numbers (basic),basic,0,【基礎】大數的大小比較
eclQFpzMm/3m7MGgQaYOOPnvun/s4IcQzDok5QphMys=,Applications of adding and subtracting large numbers (basic),basic,0,【基礎】大數的加減應用
BKRlVJjusXXqyF7Mti7eUJiW9bgzP/IOVLxgWOgdPdo=,Practice adding and subtracting large numbers (basic),basic,0,【基礎】大數的加減計算練習
N4oVXBKRiHKEYw6SebJh6pDSMFh9W1VBDaYMNp7HZjQ=,Base-ten structure of numbers 1 (basic),basic,0,【基礎】數的十進位結構 1
nfZPn3ykTjw2O2jNya5/2VUvwyQ9m/3VqGzZ0Fg3t7I=,Multiplying and dividing multi-digit numbers: mixed review (basic),basic,0,【基礎】多位數的乘除綜合習題
IN2rf9N8yr1JT9tAJXei08vWhgCbmljAZ141KO0Bdto=,Word problems dividing three- and four-digit numbers by two-digit numbers (basic),basic,0,【基礎】三、四位數除以二位數應用題
QItWSsqV6XwvWHO63v1Q3q0cS8HtbGkBWTkRtJ62BDw=,Word problems dividing three- and four-digit numbers by three-digit numbers (basic),basic,0,【基礎】三、四位數除以三位數應用題
wSCHTaapM4TIsQprXwBv2aKagVhZOWzILa3SKxVO4Mw=,Approximate numbers: mixed review (advanced),advanced,0,【進階】概數綜合習題
YHd/e3w70NYiywYoX7X1Iv07iYY6CT1jAd9BayAdg7o=,Comparing numbers on a number line (advanced),advanced,0,【進階】在數線上做大小比較
LeuXSh3STu/nWMAZErkg2yygA7NPJjux0zmz6eutQZM=,"Numbers up to 10,000: mixed review (advanced)",advanced,0,【進階】10000 以內的數綜合習題
E1brbms8OjC9eR5b/1BQp/6KHCwAlnOG7ZFwXV8S/5U=,"Adding and subtracting up to 10,000: mixed review (advanced)",advanced,0,【進階】10000 以內的加減綜合習題
XfTWhuL8KHud7ThpvXxV7BfPsuMNJNrNzIXLUA987GQ=,Addition and subtraction expressions and estimation: mixed review (advanced),advanced,0,【進階】加減併式與估算綜合習題
w5q27rJT9sra6bvT/I3FOszvNlkLnlapMzE3tgPfiaI=,Vertical multiplication: mixed review (advanced),advanced,0,【進階】乘法的直式計算綜合習題
yCUFt9uR6EEQokpBPpS4+FXT0ri7GVcI4M1ByCXveIE=,Two-step problems with addition/subtraction and multiplication (advanced),advanced,0,【進階】加減與乘的兩步驟問題
JBvKC6tCKbdKUiY5M0A6CA/lAe2U+PYlGYHrcNE5w+c=,Introduction to division: mixed review (advanced),advanced,0,【進階】認識除法綜合習題
8bPBQBhp9U7NrhLkKfKLSGl2O9uB1gAOKEeWZT39hv0=,Dividing by one-digit numbers: mixed review (advanced),advanced,0,【進階】除以一位數綜合習題
fr4VFr4dtAr75FBvGg+x8bts4takOr5RoTMItlyF9Os=,"Multiplication: multiples and multiples of tens and hundreds, mixed review (advanced)",advanced,0,【進階】乘法：倍數與整十、整百倍綜合習題
AtutQaYoYed+bhR0nAKKuHcZCifFK5QvSh/zsmSBYws=,Numbers up to 100 million: mixed review (advanced),advanced,0,【進階】一億以內的數綜合習題
kJ9ialLv458/tGGlXsoE+EFFBTIP9v7uOOmvamStQsc=,Multiplying whole numbers: mixed review (advanced),advanced,0,【進階】整數的乘法綜合習題
JO/tye7QOCtigcl96GW7BmNDzKXPKE998STsaZtgC7I=,Dividing whole numbers: mixed review (advanced),advanced,0,【進階】整數的除法綜合習題
qcuzdjxW5qVsEjL1f0auqwwjCQ27dwz0g7NpJaBDaIo=,Numbers over 100 million: mixed review (advanced),advanced,0,【進階】一億以上的數綜合習題
KcShnqrGywsZWe5MG0nYWJrimCRKokw46irRW+Hoc2I=,Multiplying and dividing multi-digit numbers: mixed review (advanced),advanced,0,【進階】多位數的乘除綜合習題
wMb6Jrr1SYX+L2nXlRZ8BW8cv6C6F4tPImJpElWri2E=,Approximate numbers: mixed review (standard),standard,0,【一般】概數綜合習題
4SBeVrJgh8ZwvSY6e/VWdSa0DJUHDRe/l7oRV8lcMlQ=,Number lines with whole numbers: mixed review (standard),standard,0,【一般】整數數線綜合習題
5GSDEOPz8ykUYPVBbe6s8+TAN1rUxtQgcpirWtxAP30=,Moving left and right on a number line (standard),standard,0,【一般】在數線上向左右移動
eTxJnM9Mi8xeXIVDEEXgbm2AcOlh2CKQJVDx80DnkoQ=,"Numbers up to 10,000: mixed review (standard)",standard,0,【一般】10000 以內的數綜合習題
F4GmvS4Bi2uZWkbTIc/2nAey1+AXYlAgQWpQcuY9HOA=,Applications with money (standard),standard,0,【一般】錢幣的應用
tBr8loWJrEOlzcZDaQL0Q2qMEMUVGJJiWePsXb+7O9U=,"Adding and subtracting up to 10,000: mixed review (standard)",standard,0,【一般】10000 以內的加減綜合習題
LZ/ZUlrBjPGOINJvKHRijqW+RIVb5QgOmkc74aK/8IY=,Applications of addition and subtraction 1 (standard),standard,0,【一般】加減的應用 1
taHJOb9QH97FhfZ3GgcNGP9N4IOkU1m8ZUle8xGkCz4=,Addition and subtraction expressions and estimation: mixed review (standard),standard,0,【一般】加減併式與估算綜合習題
8r/LuwAYZGqYjMC99f1GuYesPmAC/r9IICHF832X20o=,Vertical multiplication: mixed review (standard),standard,0,【一般】乘法的直式計算綜合習題
Q/SwuYH/ZNpYQVLmg+bpFVSLyN+QjWW4+Q6FJBsepeA=,Solving problems with multiplication (standard),standard,0,【一般】應用乘法解題
gxF+eTDkLaixhj4c0E7naTGKsyFVNl3v7wtMLMdGzmk=,Introduction to division: mixed review (standard),standard,0,【一般】認識除法綜合習題
6Vtsi+hGTu16nZLlswQ3+aM8hW2uGguuyNci1tt2FGA=,Applications of division (standard),standard,0,【一般】除法的應用
nIRTW5M2QjZ1cODlW4o+MNq2bGC6ItQeSqrFiDwCAOo=,"Multiplication: multiples and multiples of tens and hundreds, mixed review (standard)",standard,0,【一般】乘法：倍數與整十、整百倍綜合習題
fggka57OX3QL3I441EmW3Bn5qGYLMEDYYAJ0whO/BoY=,Numbers up to 100 million: mixed review (standard),standard,0,【一般】一億以內的數綜合習題
r1jH4OmuwWzBhFJiyLJB86PdGFP0YNRbv30C7gX3qUE=,"Comparing numbers up to 100,000 2 (standard)",standard,0,【一般】十萬以內的數的大小比較 2
qcohFOwrKFE+fSChJ/RVs1NVaSLbRVERMCuRWDV2qFA=,Introduction to numbers up to 10 million (standard),standard,0,【一般】認識一千萬以內的數
NA/6rJli13WahqXIJO8Gc7iLmI2qc048XZuDwrQ3zlg=,Converting and comparing numbers up to 100 million (standard),standard,0,【一般】一億以內的數的換算和大小比較
cqTW0IXOg+J6y+Yk63csOn2IHYY4+Nqos2a87VHy6SI=,Multiplying whole numbers: mixed review (standard),standard,0,【一般】整數的乘法綜合習題
3UMCgqaFzwxkOnq4f8/PpYBxsI66yzicdM5uwfuBBcw=,Dividing whole numbers: mixed review (standard),standard,0,【一般】整數的除法綜合習題
S9xsg6+N3hh24WpN7bJxFXVB9XYH/d6cXpuqOsiFADg=,Solving problems with division (standard),standard,0,【一般】運用除法解題
x/98yRhBoFh9AIWvaf4wfapjBYSZJbPeSfSjYlmDyOk=,Two-digit by two-digit division (standard),standard,0,【一般】二位數除以二位數
mHse/SVLKP809e4vXn9ZgxFQrJC336ILZZsA3RoIfTY=,Numbers over 100 million: mixed review (standard),standard,0,【一般】一億以上的數綜合習題
bhUhhAGCaQV/N1qvnzhpjaD7P2mfdt3aqOl/ctA5Ozg=,Multiplying and dividing multi-digit numbers: mixed review (standard),standard,0,【一般】多位數的乘除綜合習題
Qx6mwirYKln7CTvOXad5Do5OkVKmypYSQfFs0MB6Cvs=,Word problems multiplying three- and four-digit numbers by three-digit numbers (standard),standard,0,【一般】三、四位數乘以三位數應用題
5J5VC2w6tQ7Fcg+P2oh3vM6Bo2l8bWGb6mdInIicams=,Multiplying numbers ending in zero (standard),standard,0,【一般】末位是零的乘法
e/HgpRlVCZ9F+F9KuwVWxa3jJn/JuKPnbZbr77xwptM=,Dividing numbers ending in zero (standard),standard,0,【一般】末位是零的除法
Lgvpn5xUu0sbll2/53oFiSmVdcNM99MCNRPNcpyw1yI=,Meaning of ratios and ratio values (basic),basic,0,【基礎】比、比值的意義
aQtj+vhFKWn0qz527tbi3q254EkieQ0rqf8dS5yw+m0=,Equivalent ratios (basic),basic,0,【基礎】相等的比
412PAnenNdYglQWXSlVtS1RYA7Yg60Wty166LCMaiHU=,Direct proportion relationships (basic),basic,0,【基礎】正比關係
ojfqcZpAoKASWGHibpbgNTzBg9Dn19Gd7XxOA5TQ8l0=,Multiplying fractions: mixed review (basic),basic,0,【基礎】分數的乘法綜合習題
BRVWXF/J4+0yaKyucGRj3Zey14U/6FJcgOtZsz0t+5c=,Multiplying mixed numbers by whole numbers (basic),basic,0,【基礎】帶分數乘以整數
kwPXscWGwlFEBMGbV9JSoj7leEOLPiJpZS/s3V6oeQU=,Multiplying whole numbers by mixed numbers (basic),basic,0,【基礎】整數乘以帶分數
TlMkJfs9LQfBpKdSmKCSAk0EJ0GodXR+6hD9KpqZd1g=,Multiplying fractions by fractions 2 (basic),basic,0,【基礎】分數乘以分數計算 2
AVQrq6G+1T2BculthjTF+IbOH3pgRM1G2mPRoCRxQXs=,Relationship between a factor and the product (basic),basic,0,【基礎】被乘數和積的關係
k/WG4+UUn0rR7m2BM4xFg4shKIzlpibdawNjVqpvgDQ=,Dividing fractions by whole numbers 1 (basic),basic,0,【基礎】分數除以整數 1
SeczIB1AchCyU+2ERN9UZfwNxpPR+iEWdTKdKVAOplQ=,Converting between fractions and decimals to hundredths (basic),basic,0,【基礎】分數和二位小數的互換
46ROXDc+6TtRsAPHki7/E82y+3AiRRPb1cWpd/9Y0OU=,Marking fractions on a number line (basic),basic,0,【基礎】在數線上標示分數
n2hbC2W/fEWt1TwlS/Wwq8yLpJAllQM79eSfMWQzi3Y=,Marking fractions on a number line (basic),basic,0,【基礎】在數線上標示分數
AcYYIf9FvFbcJSukoI+g8dbbVnGONCM2tSNWDBZPEVg=,Marking simple fractions with denominators up to 10 on a number line (basic),basic,0,【基礎】在數線上標示分母為 10 以內的簡單分數
foBtKUAK/HUSjhHco0WST9c68Or3TrbKMN75i6FJUZ0=,Introduction to fractions: mixed review (basic),basic,0,【基礎】認識分數綜合習題
Hd9OBbvjHN64sdMS8xVftqco6BxQnrWHOq1Leu3ZjWE=,Unit fractions 1 (basic),basic,0,【基礎】單位分數 1
z+lXIDsSULAbvl0C7jLN2xRImkpzGZWHjhQ88H3C92c=,Introduction to fractions of a whole 1 (basic),basic,0,【基礎】認識幾分之幾 1
TsR3rTKaWulf/k3TmhqbWrKGAO0mgb9lEwUqW1qoDK8=,What fraction is 1? (basic),basic,0,【基礎】1 是幾分之幾？
Fj4qR65Oj+FrvKsCqx/NszMakMB145XBuUyRAUyeMqE=,Equal sharing (basic),basic,0,【基礎】平分
IyZfGFQA5FLUNeChYAcVbxnayM12nN7CI/ZgFJRq3as=,Unit fractions 2 (basic),basic,0,【基礎】單位分數 2
8Y/8JyLIUk9y2/ZOMDwmEnrWF7pIdwt1lyaQRyxLRNI=,Introduction to fractions of a whole 2 (basic),basic,0,【基礎】認識幾分之幾 2
xlVWFGWcVQ8HiY2o1mGb7xJ9fNjjd/XBRul7GwvTwjc=,Comparing unit fractions (basic),basic,0,【基礎】幾分之一比大小
8I8/B2pzv1x0TB2IYizxMzsw8l/i14wEn/1WNZM+UPU=,Adding and subtracting fractions with like denominators: mixed review (basic),basic,0,【基礎】同分母分數加減綜合習題
l7fGttjjxs8ynzph3AhoxlkG4uEEruwjbHkglePaIfs=,Repeated addition of fractions (basic),basic,0,【基礎】分數的累加
v0kd17IRi6S3Pb5Go3lcsG8G+brOsfhuCLG95fqRhY0=,Comparing fractions with like denominators (basic),basic,0,【基礎】同分母分數的大小比較
2I6JcI6MiTkb6Ya10XVBUdZIRXgbXhpapejBytTcjTg=,Adding fractions with like denominators 1 (basic),basic,0,【基礎】同分母分數的加法 1
fQzyhskPyJuzy8T0ZlA3yA5RZmMkumMtkKG/vC1KStg=,Subtracting fractions with like denominators (basic),basic,0,【基礎】同分母分數的減法
o/g95+OW/vglmMGwH72w/A/K5Gc6TB/BDAHowBQDjGQ=,Mixed numbers and improper fractions: mixed review (basic),basic,0,【基礎】帶分數與假分數綜合習題
5gAwpmADo34wxzAw/auRsRgPsj+RvWPNWhOj3SdP0Ss=,Introduction to mixed numbers (basic),basic,0,【基礎】認識帶分數
OmUsbt7RaK3Gs9LwcpEYshJl6rIzzZF5DjRp230rTNI=,Converting between mixed numbers and improper fractions (basic),basic,0,【基礎】帶分數與假分數的互換
zpLoCKHOugDScAlFt0XHJJKFwU+r3YZaBlTf5G7qWpE=,Proper and improper fractions (basic),basic,0,【基礎】真分數和假分數
lfxdvwc+7PbngDWWYaBtEc92MvARW6XNfkdoU1e97sU=,Comparing fractions 1 (basic),basic,0,【基礎】分數的大小比較 1
lGdUXi9NMg3ytnL5if7DOcNgJB6AkWtmNPc+PBbKHi4=,Equivalent fractions: mixed review (basic),basic,0,【基礎】等值分數綜合習題
qER34e/xF0nc6zZmlIGrL3knw6JHjbP6i3jC6rfCS8c=,Finding equivalent fractions 2 (basic),basic,0,【基礎】找出等值分數 2
CzDZ1MLXzGdIvkP/kEE92OzFgbVyBwoUvtEx8YXAzUQ=,Comparing simple fractions with unlike denominators 2 (basic),basic,0,【基礎】簡單異分母分數的比較 2
evnrvQPPTPutwKufIKh7K4UMK3E+lB2zHUzaKFdprEw=,Converting between fractions and decimals to tenths (basic),basic,0,【基礎】分數和一位小數的互換
4TQW6WshhFY+RHtjqPKjxICmHWA5iO/57N39cYvvg94=,Comparing simple fractions with unlike denominators 1 (basic),basic,0,【基礎】簡單異分母分數的比較 1
TzA/XRKLzDMD8yElX2FvbMVJ3BTJ+9aqbOcCCMM/TuI=,Equivalent fractions with discrete quantities (basic),basic,0,【基礎】透過離散量情境認識等值分數
S0VFEY+TX4JInp2RbHDsOeNIjLRKCfs1ywbzFrcTDWM=,Equivalent fractions with continuous quantities (basic),basic,0,【基礎】透過連續量情境認識等值分數
hScxSa3r/rGqY02BOToHgUyoK0KVvHibLaeNeTgQjSo=,Finding equivalent fractions 1 (basic),basic,0,【基礎】找出等值分數 1
dU4bHGG5iITHkO+/yRQ8EBgimx3ScCs8/Ibrz7QE52c=,Decimal number lines (basic),basic,0,【基礎】小數數線
00tlmGnNIf0z+qJsG0NMS4ufwkwwG1nZtKszPesM1EM=,Fraction number lines (basic),basic,0,【基礎】分數數線
YI7fG8ZfmnBhOzqkTJkMej3ejuPH6JNyVD+CM15mYIo=,"Adding, subtracting and whole-number multiples of fractions: mixed review (basic)",basic,0,【基礎】分數的加減與整數倍綜合習題
KZFLNJ+cJ1JF1DMYCDMHTCmpQfHjQ0cx0lpYJfL19sM=,Calculating differences of fractions with like denominators (basic),basic,0,【基礎】同分母分數的減法計算
Tv3/IjfXLL+U2dQgk/cOyfc1mgU2vm2D/yM43RtFshA=,Applications of whole-number multiples of fractions (basic),basic,0,【基礎】分數的整數倍應用
lQnOj9Px/nPNqlSWfF0N5CkTn+EMnwvOowom5ryaouI=,Applications of adding and subtracting fractions (basic),basic,0,【基礎】分數的加減應用
Y1xbm2qyB1ORPl4XEuHig7PZekscar6DdRCT24qu3HA=,Applications of adding fractions with like denominators (basic),basic,0,【基礎】同分母分數的加法應用
wYT6ZsCY6u0j7kHgmCHdHuYUQtZfIJmcghxZrri81Jg=,Calculating sums of fractions with like denominators (basic),basic,0,【基礎】同分母分數的加法計算
b7WGHdUuPzaL2tTyUSSu5MoQ7LGDoLlHwTV8M3SDbvo=,Applications of subtracting fractions with like denominators (basic),basic,0,【基礎】同分母分數的減法應用
5lnlUzir6Rr7jFNvU6nOmmGn2BbhG6KD8yqbM4ThGQg=,Calculating whole-number multiples of fractions (basic),basic,0,【基礎】分數的整數倍計算
tF8tMFezQhn36I3yHWsSa2i67yZXerPE5QWgZGCFvFs=,Writing whole-number division results as fractions: mixed review (basic),basic,0,【基礎】用分數表示整數相除的結果綜合習題
bY13RsIM2Xlj/qRBujFNedeCeDFFNKV1YUp+1kTLfAA=,Whole-number division giving a proper fraction (basic),basic,0,【基礎】整數相除的結果是真分數
jYvdVag77CDUNkiDwDLBvSrc4nd+nxa7z/rWC6Iomhs=,Whole-number division giving an improper fraction or mixed number (basic),basic,0,【基礎】整數相除的結果是假分數或帶分數
u5/b2b8+M7T27j8eNr9YzarIg/vTgSGyEzEUix490Es=,Whole-number division: packing situations (basic),basic,0,【基礎】整數相除分裝情境
GSi2GkiUGDNXuUqCrsNK5ZB5qW8bRkAoY9wEGx5rRng=,"Expanding, simplifying and common denominators: mixed review (basic)",basic,0,【基礎】擴分、約分和通分綜合習題
mMl55exzvbIy5f5RyY0tmq7WvK5KPLjw/i63OE+diLU=,Expanding fractions and equivalent fractions 2 (basic),basic,0,【基礎】擴分和等值分數 2
XbcpTfT1RFwmsRn98oMDsQeWhCEAh7GOGSxllLaYMLg=,Simplifying fractions and equivalent fractions 1 (basic),basic,0,【基礎】約分和等值分數 1
z7j7u9pIZBLTXsNZB7xMkIJ2CB++xDwCfAFzUG8Juco=,Common denominators and comparing fractions with unlike denominators 1 (basic),basic,0,【基礎】通分和異分母分數的大小比較 1
DX7JpJCwcJs6C2qejstdt0z/KJVJV2d6+HHL5VJxYEQ=,Expanding fractions and equivalent fractions 1 (basic),basic,0,【基礎】擴分和等值分數 1
Teuwxr3okYRSPI2Y7Nou4wqGcA78ekLDx+wonvRGsOE=,Adding and subtracting fractions with unlike denominators: mixed review (basic),basic,0,【基礎】異分母分數的加減綜合習題
6U61DyP2lMcrqSxLp8pU4JOtVvXq/BnxM/YXDVtOMbQ=,Adding fractions with unlike denominators (basic),basic,0,【基礎】異分母分數的加法
g0WmMRm3uq6z030S8hInLOY7xb091Cos25Bu/Slg38c=,Subtracting fractions with unlike denominators (basic),basic,0,【基礎】異分母分數的減法
5KQ7wVusODIGXeR77YTjuxxWFJmiYmgbaEGhEYj+nLA=,"Adding fractions with unlike denominators: simplify first, then find a common denominator (basic)",basic,0,【基礎】先約分再通分的異分母分數加法
cBtlUtwXdy5gGdRnRrsdXfZKfxJcjOb/Y+VJG/VOzVg=,"Subtracting fractions with unlike denominators: simplify first, then find a common denominator (basic)",basic,0,【基礎】先約分再通分的異分母分數減法
pdYh3TvKBK1LgOTy1Vc5GCkzssnNDhK3xSBLdsGpfLA=,Applications of adding and subtracting fractions with unlike denominators (basic),basic,0,【基礎】異分母分數加減法的應用
w74XdHKzME2SVRy/43in0XtQlXuv7VUdjQzVzbOXJMs=,Multiplying whole numbers by fractions (basic),basic,0,【基礎】整數乘以分數
J5c76AnfkB6hMQU+QWzlyPCdmUpqKhQeMZzspmG1HUg=,Dividing whole numbers and fractions by whole numbers: mixed review (basic),basic,0,【基礎】整數、分數除以整數綜合習題
w4MyAbgZRLh794BPy0qg9fg2PcokubWJcmd13HKCFXM=,Dividing whole numbers by whole numbers 1 (basic),basic,0,【基礎】整數除以整數 1
KeJmbhOn5D4GwVbthjGdNmvg+pW76XxfjkZizeDWUpk=,Dividing fractions: mixed review (basic),basic,0,【基礎】分數的除法綜合習題
y1ky8jXzmdtx660XSqtKvCYTgf7m69k+vVtThncryWU=,Dividing fractions with like denominators (basic),basic,0,【基礎】同分母分數的除法
+odAMeNn6DqBHYkdD0fKH59bzQMwJTqsCW9nqJ1etcI=,Dividing fractions with unlike denominators (basic),basic,0,【基礎】異分母分數的除法
Fu7F8fXg/tjFKnFZoPpTGMQKn0gGxbJNebMMftkdJqE=,Fraction division with remainders (basic),basic,0,【基礎】有餘數的分數除法
x9oDEpreQSuEiyFzA4syO+1WLv+obKycS0yqA80CQFw=,"Applications of fraction division: rates, area and equivalence problems (basic)",basic,0,【基礎】分數除法的應用：比率、面積與相當問題
xlm1cA7g3Y3P8DLXvKvOMnzwshnSyIg4BZFF8NJtuXE=,"Relationship between dividend, divisor and quotient (basic)",basic,0,【基礎】被除數、除數和商的關係 
KvkCQpg/2ciwASQU0QFSk9H8gE1eAan0r1NR8jdIXF4=,Applications of fraction division: equal sharing and packing (basic),basic,0,【基礎】分數除法的應用：平分和分裝
3an/ohfFqHxFEA43RNM0CLh0slcV70c7Rah3pSz0KpM=,Dividing mixed numbers by mixed numbers (basic),basic,0,【基礎】帶分數除以帶分數
xVsACcSxP4hrn2o14c9+W92tPVwJpfnfJptf2CExFAM=,Dividing whole numbers by fractions (basic),basic,0,【基礎】整數除以分數
V6gzmLaxDq9lLc3HQUpSf2CJ+PcXNduJro29Nx9Z3aM=,Dividing fractions with unlike denominators: using common denominators (basic),basic,0,【基礎】異分母分數的除法：利用通分計算
u/LPC06b7BAhroZcvBEYJUUOpby5g4JLLjaI92XikLc=,Ratios and ratio values: mixed review (basic),basic,0,【基礎】比與比值綜合習題
S3hqMF0e5To6kPDkpp0xZ7dpZx7GRQgLjAs14iM6rfE=,Ratios and ratio values (basic),basic,0,【基礎】比和比值
culKseV+Zke/kfH2elK1UcG13PktwOLaw0bde5RD89Y=,Finding equivalent ratios by expanding and simplifying (basic),basic,0,【基礎】用擴分和約分尋找相等的比
TDEUV/kZMRHVLtJ1Tzk9Ne7zqUrXe4lwJ/AhDn6AKcc=,Ratio word problems 1 (basic),basic,0,【基礎】比的應用題 1
PYkuZLd5EpFjzAeC8E2gVnGIXBLSlrBXRPhZNaQtdqo=,Simplest whole-number ratio (basic),basic,0,【基礎】最簡單整數比
UA8j7lklVtKV7XvO/QUqpJSwzYGBY2bKSg73/EDGa0I=,Finding equivalent ratios with ratio values or simplest whole-number ratios (basic),basic,0,【基礎】用比值或最簡單整數比尋找相等的比
U4IDn4MUqbVq2R5M08n344XMXc052OsQtinVwrNNkSk=,Fractions in lowest terms (basic),basic,0,【基礎】最簡分數
KlMtgQyCzeyNI/luVLtY/TXszXJrew6gRhfjeyt2F9w=,Multiplying fractions: mixed review (advanced),advanced,0,【進階】分數的乘法綜合習題
JeJ/U+YZ3HU5Nr8HVj98IUq5D+92/mnaxITEPQlJr7k=,Introduction to fractions: mixed review (advanced),advanced,0,【進階】認識分數綜合習題
fD8zM1ZR2ONSCf1qFOxRewRZWPyivWHdZKlbbOaK+tY=,Adding and subtracting fractions with like denominators: mixed review (advanced),advanced,0,【進階】同分母分數加減綜合習題
e85vrrhrWUiVrvUMsLtqjwCVVgejgRneTUUL2gr0GJ0=,"Fractions with meters, kilograms and liters (advanced)",advanced,0,【進階】分數與公尺、公斤、公升
FDFKlshYbN4rO93MtgimwfpEoKerSWp1RFhoSKWXHsY=,Mixed numbers and improper fractions: mixed review (advanced),advanced,0,【進階】帶分數與假分數綜合習題
+xN/geZI+rXD8yB7YBDvLwAXgXO6aORg9eOFv6AfGHM=,Equivalent fractions: mixed review (advanced),advanced,0,【進階】等值分數綜合習題
v7yYzJI0/rHfpfs6AyQ6llqhVygGp+wcpMr8emORMxk=,"Adding, subtracting and whole-number multiples of fractions: mixed review (advanced)",advanced,0,【進階】分數的加減與整數倍綜合習題
9Xi5HaV/Z5cinEcWKVZMuef69TOyb3IxHlE53sgUbQA=,Writing whole-number division results as fractions: mixed review (advanced),advanced,0,【進階】用分數表示整數相除的結果綜合習題
AzYy1fVXRy9vByJG/zOf+okOqOYX/wK7VjwzQtO06mA=,"Expanding, simplifying and common denominators: mixed review (advanced)",advanced,0,【進階】擴分、約分和通分綜合習題
Ul0YfLD+DkexICyzGisAES41BpTca5rUI/BNolWJpio=,Adding and subtracting fractions with unlike denominators: mixed review (advanced),advanced,0,【進階】異分母分數的加減綜合習題
a8gAVDPDmrxf2poDVj1SEcQl7lX57osmdVFS1+Z+4K0=,Fractional multiple word problems (advanced),advanced,0,【進階】分數倍應用題
+g5YlvjiVYzjFfpMkHEGCty7PGcKRuuCVDY/g8dzoD0=,Dividing whole numbers and fractions by whole numbers: mixed review (advanced),advanced,0,【進階】整數、分數除以整數綜合習題
fvlbr1+0Yu4YTF5vqxIlsxlVUtlAFE/LxIaxKOaLs7g=,Converting time (advanced),advanced,0,【進階】時間的換算
xVnGKh1Vrf5JAkpT+RvkYwfQHb46ugd21uvhWHJC0+U=,Dividing fractions: mixed review (advanced),advanced,0,【進階】分數的除法綜合習題
J3WqWuIL4K9D5AfOarCtTLZsRn6I8XJU2J1UZYvS8k0=,Ratios and ratio values: mixed review (advanced),advanced,0,【進階】比與比值綜合習題
iKqRsPP+BOjViedwcscCuCE15B3XONt/be89lKXW16o=,Multiplying fractions: mixed review (standard),standard,0,【一般】分數的乘法綜合習題
YCkF1MtpY1fSQe4HekhmGm9bt7ErYLpnaL45TlEtrbo=,Word problems multiplying fractions by whole numbers (standard),standard,0,【一般】分數乘以整數應用題
IZmjDB5gc3QtqCkw10LYwtPthoXOeCmqIDr+yIt+r+A=,Fraction multiplication word problems 2 (standard),standard,0,【一般】分數乘法應用題 2
tAZ0mRV5cECGqeSg0QvaNNVKgKvxJ3r3SLQtJPb5SSY=,Mixed numbers and improper fractions: mixed review (standard),standard,0,【一般】帶分數與假分數綜合習題
h327f3+M2F6lvbXTOgg35VC4pac6YD68c7hjS2DPPiA=,Applications of fraction number lines (standard),standard,0,【一般】分數數線的應用
N3wO0fC439PgPDMPRDVu0qGXZj+cYL49zF/sgQZAlww=,Introduction to fractions: mixed review (standard),standard,0,【一般】認識分數綜合習題
xQNx//qhkk2bCwEwFdNmcqn+xhyU6AwjhGgmphpgtV8=,What does sharing equally mean? (standard),standard,0,【一般】什麼是平分？
7SG42IykaqcKQf+BZ3fBFrPLaCiKOJJPkBDLvzzOpGA=,Adding and subtracting fractions with like denominators: mixed review (standard),standard,0,【一般】同分母分數加減綜合習題
ivLOrT65HjJtF7QBiRvIhYtKFl/heB3qqODrXEZytx4=,Repeated addition of fractions on a line diagram (standard),standard,0,【一般】從線段圖認識分數的累加
rvGNITIfQzjD82gpFgMVKC4UZHTbpR2iC06+vTx9KaA=,Which fractions are equal? (standard),standard,0,【一般】哪些分數一樣大？
Q4rlu4p4omxZhIwjIFvGGUuC7wPUkgP+m0owUS+PTtY=,Applications of adding and subtracting fractions (standard),standard,0,【一般】分數的加減應用
3Rmd2VQUBwDitQ5mXI3d4TO3qkZv/hd0NH9nOSeh9sQ=,Adding fractions with like denominators 2 (standard),standard,0,【一般】同分母分數的加法 2
00KEZbwE/6qJ+WSl9TwUEgbwi/wmnEVgeCnGzi4/EYo=,Comparing fractional amounts (standard),standard,0,【一般】比較分數量的多少
lfFL8LesAlY1wX0+sveN0vu8YZEg5bKCXUOGCLqRxuM=,Comparing fractions 2 (standard),standard,0,【一般】分數的大小比較 2
DijENLQwI0eQXpvIEtawj3UvDDB4tHjXT54jhWoEXU4=,Equivalent fractions: mixed review (standard),standard,0,【一般】等值分數綜合習題
NS6OkBviulEOoEuZxo/1C7WYE0TBn7Asw/DwVo28lW8=,Applications of converting between fractions and decimals (standard),standard,0,【一般】分數和小數互換的應用
mYFtDundRAjeRWK4Vb1dJh4pkXy95xGx/aLmxgXDmEo=,Writing whole-number division results as fractions: mixed review (standard),standard,0,【一般】用分數表示整數相除的結果綜合習題
tBZ3hZqed0H7wHFp8jHQT6bij5GrwxB8L32UylQKUrc=,Applications of dividing whole numbers (standard),standard,0,【一般】整數相除的應用
MUbqU/Il0Jtq/WAby1VtcO+pS/tc7QnNE3TI/GuzuMM=,"Expanding, simplifying and common denominators: mixed review (standard)",standard,0,【一般】擴分、約分和通分綜合習題
sbX37mPX7s12nP6ST0kOrlxn3LZ4PhWGqmgvpEIj6ng=,Simplifying fractions and equivalent fractions 2 (standard),standard,0,【一般】約分和等值分數 2
5mFUoufpNkJhFs1oOkwpadisjYtcoP4eIjvzRWOShe4=,Common denominators and comparing fractions with unlike denominators 2 (standard),standard,0,【一般】通分和異分母分數的大小比較 2
ZeqalmMEbu4L2j3EXlTLYacpBIa8eomjRPajfWZZD18=,Adding and subtracting fractions with unlike denominators: mixed review (standard),standard,0,【一般】異分母分數的加減綜合習題
eWpRAHAhJCaRg5/Ef0tTx92nWIJcHJaMTwQqvukQeoI=,Applications of adding and subtracting fractions with unlike denominators (standard),standard,0,【一般】異分母分數加減法的應用
le4ffPTWLIzeU2EmO67iM9vRZBEaCA8vRvTMP0oxlbc=,Dividing whole numbers and fractions by whole numbers: mixed review (standard),standard,0,【一般】整數、分數除以整數綜合習題
lCiErLu25B5SZD4PvpfL2mNLrI6Vr/iDlsYeTdU8poM=,Dividing fractions by whole numbers 3 (standard),standard,0,【一般】分數除以整數 3
Bwy+g5s/cdkK1YBAu2AbE00aDEIgVHvQLglAIAnNIlU=,Dividing whole numbers and fractions by whole numbers (standard),standard,0,【一般】整數、分數除以整數
467jZhz5FyJVTN9X3CZRReWVNyCr5ThuQ6pvvkgXTtU=,Dividing whole numbers by whole numbers 2 (standard),standard,0,【一般】整數除以整數 2
tXmG1LY2OjXE4bZJtz4tOad6vDfC4L7RdrdbNYUE6aM=,Dividing fractions: mixed review (standard),standard,0,【一般】分數的除法綜合習題
+gP/fH6yBDlDTCmjUykZq+rykF0MopXNzQLSxiEVEYY=,Applications of fraction division: two-step expressions (standard),standard,0,【一般】分數除法的應用：兩步驟併式
kX+5omUWpBnZq80iSxuIAlsvxdHI68joYz6itRBOCss=,Applications of fraction division: multiples and units of time (standard),standard,0,【一般】分數除法的應用-倍數和時間單位
GLgbTk9pSzIkaPoN4xF271DsfbQI9fY+OK+9tsBiRH0=,Applications of fraction division: unknown divisor or factor (standard),standard,0,【一般】分數除法的應用-除數或被乘數未知
8Az3OnwtgqatpwpQiRDe/VxoHiiwkSdaRvVM/d9Ump8=,Ratios and ratio values: mixed review (standard),standard,0,【一般】比與比值綜合習題
6pvjmsSlGTJckr+l8pX/6w1tycejY0vnlCAB4Y1XM2c=,Ratio word problems 2 (standard),standard,0,【一般】比的應用題 2
v90baLZYacc3s+oqAusl+90J4O6kJCF7s47aUGFf8gA=,"Angles, squares and rectangles: mixed review (basic)",basic,0,【基礎】角、正方形與長方形綜合習題
iJ+Rpf5Qnw63bObvZLfXRBU4Hmi06Io+lXRGV9hsFgg=,Introduction to angles (basic),basic,0,【基礎】認識角
44N1RXOiWg4Zy6x/GQwNyECUUWAykXTDm7q/dERMTZo=,Comparing angles (basic),basic,0,【基礎】角的大小比較
eckDRfpc73OUXcSW4vV+4Y6JZaIfSERP9bUZIrNtLyM=,Introduction to right angles (basic),basic,0,【基礎】認識直角
iIqjl5Plm+22qIYnLpUSTdXHOLdlpgnHEQmBHrjOlg4=,Squares and rectangles (basic),basic,0,【基礎】正方形與長方形
OJdwYcjEXluq9EWCqnDzp2Yvu/ALGh5DD9nPegq+pgQ=,"Angles, squares and rectangles: mixed review (advanced)",advanced,0,【進階】角、正方形與長方形綜合習題
u4qhRZS44vAj0iPcn0h6LtwpEu5xpKwVBOXYhTziua8=,"Angles, squares and rectangles: mixed review (standard)",standard,0,【一般】角、正方形與長方形綜合習題
sjpx9JKp33xDuwIsWu3bMa7KPQzxwl5Kvg+WoYNlnZY=,Kilograms and grams: mixed review (basic),basic,0,【基礎】公斤和公克綜合習題
4iIvLk0lZ+0GBDS1C/Manl0Akf1WtIozwfMOkh1/PFc=,Introduction to grams (basic),basic,0,【基礎】認識公克
GcuG2ukgxXmym9WSnWnlpKVNUFysZ8QfpAgpJMcheMU=,Introduction to kilograms (basic),basic,0,【基礎】認識公斤
5ZJ5qSJYX6dsa9HODIJqoF60NnmdmYfFjBKCus7D7og=,Converting and comparing kilograms and grams (basic),basic,0,【基礎】公斤與公克的單位換算及大小比較
i2BVfTp485wM+aQN1OTMKJr+SQDTDi5fuNDk9dp360g=,Weight word problems (basic),basic,0,【基礎】重量的應用問題
LX5JBmC+vdiEQxmg1hxbBfGAanwh78vK0LYfaoDJMTM=,Large units in everyday life: mixed review (basic),basic,0,【基礎】生活中的大單位綜合習題
T4SE4EgcHfMeg58rrWKRWuXd7tw0mVCfHJvBhy6TC78=,Converting metric tons and kilograms 1 (basic),basic,0,【基礎】公噸和公斤的換算 1
I/598ZmMIMeI5NdTNKVBHbbhAMhZA3QRabeZhQ/ddL8=,"Converting hectares, ares and square meters (basic)",basic,0,【基礎】公頃、公畝與平方公尺的換算
24yLmjpZLo3XO2t14fVHMUMqhVcVPs93RBeN42c/MGc=,Kilograms and grams: mixed review (advanced),advanced,0,【進階】公斤和公克綜合習題
Jl92cIZYcCutl8sqyj2VP8UbUigvqBoHBO/R38DK1DU=,Large units in everyday life: mixed review (advanced),advanced,0,【進階】生活中的大單位綜合習題
A2548sl8hqkIMIGY7mlg/p2NN83cncQx2SgT00lyByk=,Large area units in everyday life (advanced),advanced,0,【進階】大面積單位的生活應用
cvrpe2HqRWypDZTWd3ry5QCy4XdRg67y3MIeZlRYaes=,Kilograms and grams: mixed review (standard),standard,0,【一般】公斤和公克綜合習題
jpb1rgDXjbe7vvSvZzIoPtn6mVIKPxauQ1QVTvzkAdw=,Large units in everyday life: mixed review (standard),standard,0,【一般】生活中的大單位綜合習題
TOdFpZ3Xqdh28DnIte6gehxDLIIUkzWMwfqed8sEJwE=,Metric tons and kilograms in everyday life (standard),standard,0,【一般】公噸與公斤的生活應用
Mujc7fhlpiAZ/8+VvJTuahAOrjvNECvtA4YBD6fP02Y=,"Converting square kilometers, hectares, ares and square meters (standard)",standard,0,【一般】平方公里與公頃、公畝、平方公尺的換算
7lZW5SB9whu/nq0QJ1pCSdPhmnwhRqHIldZ1Fu9tZfc=,Converting and comparing liters and milliliters (basic),basic,0,【基礎】公升與毫升的單位換算及大小比較
Km4UtamxG5HOGBYO5bAFwlruZSFNKxlILK2wKiFEcSI=,Liters and milliliters: mixed review (basic),basic,0,【基礎】公升與毫升綜合習題
fwR0w0LLlf3OriHwW2vIK3RiKD8gRLRfHC1T6kQhG0g=,Introduction to milliliters (basic),basic,0,【基礎】認識毫升
tcefpcahExZLA6gms/r4H1DHPHzmBUwg8h7hfNlV4sc=,Introduction to liters (basic),basic,0,【基礎】認識公升
FJV9jFDQLQAIAZoc7YboSSkQOkS3dNtCQAVDL874AKM=,Capacity word problems (basic),basic,0,【基礎】容量的應用問題
ilh8SwN/N/lynhTK/mWSvb3nDr7ZGvWV7rsU0BaOkCI=,Liters and milliliters: mixed review (advanced),advanced,0,【進階】公升與毫升綜合習題
WnROIwtQSSRuDI+N9zspe70i0h/BVJUxoil4KIbnP6M=,Liters and milliliters: mixed review (standard),standard,0,【一般】公升與毫升綜合習題
+mwsRV33uKTS+1DrZGfM+z+Ccut/FGocokZm/j0OJ/k=,Square centimeters: mixed review (basic),basic,0,【基礎】平方公分綜合習題
q/zqlSFnHvaaDZQ3T0MieHABIKLc1BwReJRJu5dz5NY=,Area and square centimeters (basic),basic,0,【基礎】面積與平方公分
HZjujc6emQQn14Tviy/t0Xw8v8jRJ0J1Le11NzVrlV4=,Finding area with multiplication (basic),basic,0,【基礎】用乘法求面積
IH5IsJ7NfivpV8YRPlcRNiwPmrtI+kJpCmIU50BzznQ=,Cutting and rearranging shapes (basic),basic,0,【基礎】切割和拼湊
m/JWFlWTObOlrpPo0GSe5ZY8bBRPfH9U/ZsdbbyIa5w=,Perimeter and area: mixed review (basic),basic,0,【基礎】周長與面積綜合習題
ZOO50WfENqtWGe4uBkJcqW4nppgtuJKCAoqx34z8eOw=,Perimeter formulas for rectangles and squares (basic),basic,0,【基礎】長方形、正方形的周長公式
/fn8Ym16AvhuhgFRtoeZ4sRU9ZRhvvpYN90SUH7zQ4M=,Area formulas for rectangles and squares (basic),basic,0,【基礎】長方形、正方形的面積公式
+ZVl8HEbTM1GOoCTt2wxAfzQswvAWL3L8e5mLuyy1dY=,Square meters and square centimeters (basic),basic,0,【基礎】平方公尺與平方公分
j8b2h08zIbWHp6sKBsI0qaQuiA3vUGMjaYZFFE/gQ3I=,Area of composite figures (basic),basic,0,【基礎】複合圖形的面積
NPkrCjbLK35wefMCv6y6XMO5eYO/gthS6LGwrdjG2OQ=,Square centimeters: mixed review (advanced),advanced,0,【進階】平方公分綜合習題
3xqxJN2W+KEo3SBjh7HnXpGjB4ewSbm1j/18fCn05yc=,Perimeter and area: mixed review (advanced),advanced,0,【進階】周長與面積綜合習題
j4rGpwpqhLE9foelXD2yjokS0u3QR+ULhNqLGeF/4sk=,Square centimeters: mixed review (standard),standard,0,【一般】平方公分綜合習題
W4l0TIo0YQXLT/c8/Uy7OLtElmNuNWPODI7HkJ0NaI0=,Perimeter and area: mixed review (standard),standard,0,【一般】周長與面積綜合習題
gvez7GFXUbuQl27U5+p/4QwFZZyXP2QFYQdoor8ZkeE=,Applications of perimeter and area (standard),standard,0,【一般】周長與面積的應用
